"series","episode","baker_name","baker_age","hometown","baker_occupation","signature_bake","show_stopper","result"
"1","1","Annetha Mills",30,"Essex","Midwife","Light Jamaican Black Cakewith Strawberries and Cream","Red, White & Blue Chocolate Cake with Cigarellos, Fresh Fruit, and Cream","IN"
"1","1","David Chambers",31,"Milton Keynes","Entrepreneur","Chocolate Orange Cake","Black Forest Floor Gateauxwith Moulded Chocolate Leaves, Fallen Fruitand Chocolate Mushrooms Moulded from eggs","IN"
"1","1","Edd Kimber",24,"Bradford","Debt collector for Yorkshire Bank","Caramel Cinnamon and Banana Cake","N/A","IN"
"1","1","Jasminder Randhawa",45,"Birmingham","Assistant Credit Control Manager","Fresh Mango and Passion Fruit Hummingbird Cake","N/A","IN"
"1","1","Jonathan Shepherd",25,"St Albans","Research Analyst","Carrot Cake with Lime and Cream Cheese Icing","Three Tiered White and Dark Chocolate with Almond and Cherry","IN"
"1","1","Lea Harris",51,"Midlothian, Scotland","Retired","Cranberry and Pistachio Cakewith Orange Flower Water Icing","Raspberries and Cream filled Chocolatewith Chocolate-dipped Fresh Fruit","OUT"
"1","1","Louise Brimelow",44,"Manchester","Police Officer","Carrot and Orange Cake","Never Fail Chocolate Sponge Cake,with Fresh Fruit, White & Chocolate Cigarello Border","IN"
"1","1","Mark Whithers",48,"South Wales","Bus Driver","Sticky Marmalade Tea Loaf","Heart-shaped Chocolate and Beetroot Cake with Store-Bought silver chocolate hearts and chocolate red and white roses.","OUT"
"1","1","Miranda Browne",37,"Midhurst, West Sussex","Food buyer for Marks & Spencer","Triple Layered Brownie Meringue Cake
with Raspberry Cream","Three Tiered Chocolate Fudge Cake  with Handmade Chocolate Button Decorations","IN"
"1","1","Ruth Clemens",31,"Poynton, Cheshire","Retail manager/Housewife","Three Tiered Lemon Drizzle Cakewith Fresh Cream and freshly made Lemon Curd","Classic Chocolate Sponge wrapped in a Chocolate Collartopped with Handmade White and Dark Chocolate Truffles","IN"
"1","2","Annetha Mills",30,"Essex","Midwife","Rose Petal Shortbread","Pink Swirl Macarons / Eclairs","OUT"
"1","2","David Chambers",31,"Milton Keynes","Entrepreneur","Cheddar Cheese and Fresh Rosemary Biscuits","Choux Pastry Swans  Chocolate Profiteroles","IN"
"1","2","Edd Kimber",24,"Bradford","Debt collector for Yorkshire Bank","Oatmeal Raisin Cookie","Pink Macarons","IN"
"1","2","Jasminder Randhawa",45,"Birmingham","Assistant Credit Control Manager","Millionaires' Shortbread","Meringues with Chocolate and Space DustCoffee flavoured Eclairs","IN"
"1","2","Jonathan Shepherd",25,"St Albans","Research Analyst","Honey and Candied Ginger Cookies","Meringues with Whiskey Cream","IN"
"1","2","Louise Brimelow",44,"Manchester","Police Officer","Stained Glass Window Shortbread","Strawberry, Mint, and Cream Meringues  Chocolate Eclairs / Orange, Yellow and Pink Macarons","OUT"
"1","2","Miranda Browne",37,"Midhurst, West Sussex","Food buyer for Marks & Spencer","Fresh Vanilla Biscuits with Royal Icing","Pistachio Macarons","IN"
"1","2","Ruth Clemens",31,"Poynton, Cheshire","Retail manager/Housewife","Peanut Shortbread withSalted Peanut Caramel","Almond Macaron with Violet ButtercreamRaspberries and Cream Eclairs","IN"
"1","3","David Chambers",31,"Milton Keynes","Entrepreneur","Chilli Bread","Walnut and Seed Roll
Red Berry and Almond Bun","IN"
"1","3","Edd Kimber",24,"Bradford","Debt collector for Yorkshire Bank","Olive Bread","Tomato and Mozzarella","IN"
"1","3","Jasminder Randhawa",45,"Birmingham","Assistant Credit Control Manager","Focaccia","Mango and Sultana Buns
Pan au Chocolat with Mars Bars
Tutti Frutti Wheel with Jelly Tots","IN"
"1","3","Jonathan Shepherd",25,"St Albans","Research Analyst","Anchovy, Sweet Paprika and Oregano Bread","Sticky Lemon Honey Bun
Olive and Anchovy Roll
Sundried Tomatoes and Fresh Herbs Roll
Stilton, Walnut and Apple Roll
Cinnamon and Cardamom Chelsea Bun","OUT"
"1","3","Miranda Browne",37,"Midhurst, West Sussex","Food buyer for Marks & Spencer","Walnut and Apricot Bread","Lemon Iced Buns
Chocolate and Orange Buns","IN"
"1","3","Ruth Clemens",31,"Poynton, Cheshire","Retail manager/Housewife","Maple and Pecan Bread","Chocolate and Orange Panettone
Cranberry Bagels","IN"
"1","4","David Chambers",31,"Milton Keynes","Entrepreneur","Pear and Walnut Pudding","Apple and Blackberry Crumble, Rhubarb and Orange Betty, Suet Pear","OUT"
"1","4","Edd Kimber",24,"Bradford","Debt collector for Yorkshire Bank","Apple and Plum Pudding","Apple and Cinnamon Crumble, Nutella Banana Brioche Bread Pudding, Rhubarb and Strawberry Suet Layer","IN"
"1","4","Jasminder Randhawa",45,"Birmingham","Assistant Credit Control Manager","Sticky Toffee Pudding with Tropical Fruit & Toffee Sauce","Bread & Butter Pudding, Treacle Suet Pudding with Fresh Fruit, Apple and Pineapple Crumble","IN"
"1","4","Miranda Browne",37,"Midhurst, West Sussex","Food buyer for Marks & Spencer","Sticky Toffee Pudding","Queen of Puddings, Chocolate Pear Roly Poly, Strawberry and Rhubarb Crumble","IN"
"1","4","Ruth Clemens",31,"Poynton, Cheshire","Retail manager/Housewife","Peach and Blueberry Boy Bait","Apple & Ginger Crumble, Rhubarb Suet Crust, Cherry Queen of Puddings","IN"
"1","5","Edd Kimber",24,"Bradford","Debt collector for Yorkshire Bank","Chicken, Ham, Leek and Tarragon Pie","Almond Sweet Pastry with Ginger and Chocolate  Raspberry Tart / Yorkshire Curd Tart  Chickpea and Salami, Red and Yellow Pepper, Asparagus Gruyere Quiche Canapés","IN"
"1","5","Jasminder Randhawa",45,"Birmingham","Assistant Credit Control Manager","Chicken and Mushroom Pie","Jaggery, Carrot, and Spiced Condensed Milk Tart  Fruit and Custard Tart  Thai Chili Red Onion, Duck in Plum Sauce, Salmon and Prawn Canapés","OUT"
"1","5","Miranda Browne",37,"Midhurst, West Sussex","Food buyer for Marks & Spencer","Summery Salmon, Cod and Prawn Fish Pie","Chocolate Pastry filled with Orange Cheesecake  Chocolate Pastry filled with Milk Chocolate Ganche  Strawberry Tart with Red Currant Glaze  Cheesy Crab, Broad Bean and Tomato, Pancetta Risotto Canapés","IN"
"1","5","Ruth Clemens",31,"Poynton, Cheshire","Retail manager/Housewife","Minced Beef Pie","Raspberry and Dark Chocolate Tart  Creme Patisserie and Cherry Tart  Citrus Curd Tart with Creme Brulee top  Tomato, Asparagus Twirl Canapés","IN"
"1","6","Edd Kimber",24,"Bradford","Debt collector for Yorkshire Bank","Cinnamon and Banana Cake","","WINNER"
"1","6","Miranda Browne",37,"Midhurst, West Sussex","Food buyer for Marks & Spencer","Lemon Cupcake","Eliminated after signature","Runner-up"
"1","6","Ruth Clemens",31,"Poynton, Cheshire","Retail manager/Housewife","Mint, Ginger and Blackberry Cake","","Runner-up"
"2","1","Ben Frazer",31,"Northampton","Graphic Designer","Rhubarb and Custard CupcakesAfter Dinner Cupcakes","Vanilla Sponge with White Chocolate and Raspberry Buttercream","IN"
"2","1","Holly Bell",31,"Leicester","Advertising executive","Cherry Bakewell Inspired CupcakesGinger Cupcakes with Fig Truffle","UNKNOWN","STAR BAKER"
"2","1","Ian Vallance",40,"Dunstable, Bedfordshire","Fundraiser for English Heritage","Apple and Cinnamon Cupcakes","UNKNOWN","IN"
"2","1","Janet Basu",63,"Formby, Liverpool","Teacher of Modern Languages","Raspberry and Cream Cupcakes","Chocolate Marble Cakewith Dark and White Chocolate Truffles","IN"
"2","1","Jason White",19,"Croydon","Civil Engineering Student","Lemon Meringue CupcakesApple and Cinnamon Cupcakes","UNKNOWN","IN"
"2","1","Keith Batsford",31,"Arlesey, Bedfordshire","House husband","Earl Grey Cupcakes","Chocolate and Sour Cream Cake","OUT"
"2","1","Mary-Anne Boermans",45,"Kidderminster, Worcestershire","Housewife","Banoffee Cupcakes","Chocolate and Raspberry Opera cake","IN"
"2","1","Robert Billington",25,"London","Photographer","Blackberry and Vanilla Cupcakeswith Liquorice Frosting","Genoise Layered Mousse Cakewith Chocolate Ganache","IN"
"2","1","Simon Blackwell",31,"Norfolk","Rugby Coach","Guinness and Chocolate Cupcakes","Two-Tiered Chocolate Courgette Cake","IN"
"2","1","Urvashi Roe",40,"Enfield, London","Head of Marketing","Cherry Blossom CupcakesJapanese Lime Cupcakes","UNKNOWN","IN"
"2","1","Yasmin Limbert",43,"West Kirby, The Wirral","Childminder","Cardamom and Pomegranate Cupcakes","UNKNOWN","IN"
"2","2","Ben Frazer",31,"Northampton","Graphic Designer","Chorizo, Pepper and Gruyere Quiche","Lemon Meringue Tarts","IN"
"2","2","Holly Bell",31,"Leicester","Advertising executive","Pesto Quiche","Milk Chocolate and Pistachio TartsTrifle Tarts","IN"
"2","2","Ian Vallance",40,"Dunstable, Bedfordshire","Fundraiser for English Heritage","Stilton, Spinach and New Potato Quichewith Paprika and Walnut Pastry","UNKNOWN","IN"
"2","2","Janet Basu",63,"Formby, Liverpool","Teacher of Modern Languages","Quiche Printanière","Red Fruit TartsChocolate and Cherry Tarts","IN"
"2","2","Jason White",19,"Croydon","Civil Engineering Student","Salmon and Pak Choi Quiche","Mint Chocolate Tarts Blueberry Bakewell Tarts","STAR BAKER"
"2","2","Mary-Anne Boermans",45,"Kidderminster, Worcestershire","Housewife","Roasted Cauliflower, Cheese andCaramelised Onion Quiche","Butterscotch Brulée Tarts in Pecan PastryApple Rose Tarts","IN"
"2","2","Robert Billington",25,"London","Photographer","Smoked Bacon and Kale Quiche","Chocolate, Fennel and Ginger TartAlmond, Creme Patissiere and Poached Pear Tart","IN"
"2","2","Simon Blackwell",31,"Norfolk","Rugby Coach","Smoked Haddock and Watercress Quiche","Passion Fruit and Ricotta TartsSalted Chocolate, Stem Ginger and Mascarpone Cream Tarts","OUT"
"2","2","Urvashi Roe",40,"Enfield, London","Head of Marketing","Crab, Coriander and Coconut Quiche","Strawberry and Basil TartsElderflower and Honeycomb Tarts","IN"
"2","2","Yasmin Limbert",43,"West Kirby, The Wirral","Childminder","Smoked Haddock and Watercress Quiche","Chocolate and Orange with Cinnamon-Orange Pastry TartsBlueberry and Hazelnut with Hazelnut Pastry Tarts","IN"
"2","3","Ben Frazer",31,"Northampton","Graphic Designer","Walnut, Raisin and Rosemary Loaf","UNKNOWN","IN"
"2","3","Holly Bell",31,"Leicester","Advertising executive","Picnic Loaf","Stilton and Walnut Rolls","IN"
"2","3","Ian Vallance",40,"Dunstable, Bedfordshire","Fundraiser for English Heritage","Courgette, Caerphilly Cheese and Thyme Loaf","Walnut and Raisin RollsCracked Wheat Logs","OUT"
"2","3","Janet Basu",63,"Formby, Liverpool","Teacher of Modern Languages","Zupfe Loaf with Gruyère Cheese","Apple and Walnut Granary Rolls Red Onion Cottage Rolls","IN"
"2","3","Jason White",19,"Croydon","Civil Engineering Student","Cheese and Onion Tear and Share Loaf","UNKNOWN","IN"
"2","3","Mary-Anne Boermans",45,"Kidderminster, Worcestershire","Housewife","Ploughman's Loaf","Herb and Walnut BreadsChocolate and Chilli Buns","IN"
"2","3","Robert Billington",25,"London","Photographer","Rye and Coriander Seed Loaf","Blueberry Brioche RollsLemon and Poppy Seed Rolls","IN"
"2","3","Urvashi Roe",40,"Enfield, London","Head of Marketing","Salt and Peppercorn Loaf","Chilli and Halloumi RollsLemon and Coriander Mini Loaves","OUT"
"2","3","Yasmin Limbert",43,"West Kirby, The Wirral","Childminder","Egyptian Dukkah Loaf with Mixed Spices","Pesto Bread
Sweet Coconut Rolls","STAR BAKER"
"2","4","Ben Frazer",31,"Northampton","Graphic Designer","Stem Ginger Nuts","Chocolate and Almond MacaronsPine Nut MacaronsPistachio Macarons","OUT"
"2","4","Holly Bell",31,"Leicester","Advertising executive","Strawberry and Custard Melts","'Chocolate bars of my youth'
(Caramel Macarons, Mint Chocolate Macarons and Chocolate Orange Macarons)","STAR BAKER"
"2","4","Janet Basu",63,"Formby, Liverpool","Teacher of Modern Languages","Christmas Marzipan Biscuits","Raspberry Macarons
Blackcurrant Macarons
Almond Macarons","IN"
"2","4","Jason White",19,"Croydon","Civil Engineering Student","Lebkuchen","Mocktail Macarons
(Mojito, Cranberry Cooler, and Pina Colada)","STAR BAKER"
"2","4","Mary-Anne Boermans",45,"Kidderminster, Worcestershire","Housewife","Melting Moments","Blackcurrant and Mint MacaronsGooseberry and Elderflower MacaronsHazelnut Macarons","IN"
"2","4","Robert Billington",25,"London","Photographer","Chocolate and Ginger Oat Biscuits","Strawberry and Lime MacaronsLemon MacaronsChocolate and Cardamom Macarons","IN"
"2","4","Yasmin Limbert",43,"West Kirby, The Wirral","Childminder","Chocolate Chip and Pistachio Biscotti","Chocolate and Lime MacaronsCoffee and Walnut MacaronsPineapple and Coconut Macarons","IN"
"2","5","Holly Bell",31,"Leicester","Advertising executive","Stilton, Potato and Caramelised Onion Pie","Lime Meringue Pie","IN"
"2","5","Janet Basu",63,"Formby, Liverpool","Teacher of Modern Languages","Chicken and Chestnut Pie","Rhubarb Meringue Pie","STAR BAKER"
"2","5","Jason White",19,"Croydon","Civil Engineering Student","Brown Down Chicken Pie","Plum Meringue Pie","OUT"
"2","5","Mary-Anne Boermans",45,"Kidderminster, Worcestershire","Housewife","Chicken and Bacon Pie","Midnight Meringue","IN"
"2","5","Robert Billington",25,"London","Photographer","Chicken and Mushroom Pie","Rhubarb and Custard Meringue Pie","OUT"
"2","5","Yasmin Limbert",43,"West Kirby, The Wirral","Childminder","Family Fish Pie","Peach and Raspberry Meringue Pie","IN"
"2","6","Holly Bell",31,"Leicester","Advertising executive","Father Christmas' Baked Cheesecake","Hansel and Gretel's Croquembouche","IN"
"2","6","Janet Basu",63,"Formby, Liverpool","Teacher of Modern Languages","Rhubarb and Ginger Baked Cheesecake","Orange and Nougatine Croquembouche","IN"
"2","6","Mary-Anne Boermans",45,"Kidderminster, Worcestershire","Housewife","Tutti Fruitti Curd Baked Cheesecake","Orange and Praline Croquembouche with Cardamom Caramel","IN"
"2","6","Yasmin Limbert",43,"West Kirby, The Wirral","Childminder","Baked Amaretto Cheesecake","Rose Croquembouche","OUT"
"2","7","Holly Bell",31,"Leicester","Advertising executive","White Chocolate, Hazelnut and Raspberry Genoise Mousse Cake","Apricot, Macadamia and White Chocolate PinwheelsAlmond CroissantsApple, Raisin and Cinnamon Plaits","IN"
"2","7","Janet Basu",63,"Formby, Liverpool","Teacher of Modern Languages","Chocolate Amaretto Mousse Cake","Pain Aux RaisinPlain CroissantPain Au Chocolat","OUT"
"2","7","Mary-Anne Boermans",45,"Kidderminster, Worcestershire","Housewife","Chocolate and Orange Mousse Cake","Raspberry Rose DanishesPraline SpiralsAlsatian Plaited Danishes","IN"
"2","8","Holly Bell",31,"Leicester","Advertising executive","Banoffee Inspired Mille Feuille","Strawberry and Cream Meringue NestGooseberry and Elderflower 'Bakewell' TartsNeapolitan Ice-Cream Sandwich","Runner-up"
"2","8","Mary-Anne Boermans",45,"Kidderminster, Worcestershire","Housewife","Lemon and Ginger Mille Feuille","Fruit Tarts with Elderflower CustardStrawberry and Rhubarb CheesecakesBlack Fruit Meringue with Everlasting Syllabub","Runner-up"
"3","1","Brendan Lynch",63,"Sutton Coldfield","Recruitment consultant","Plum, Sour Cherry & Walnut","UNKNOWN","IN"
"3","1","Cathryn Dresser",27,"Pease Pottage, West Sussex","Shop assistant","Apple, Hazelnut and Calvados","Hidden Cupcake Cake","IN"
"3","1","Danny Bryden",45,"Sheffield","Intensive care consultant","Plum, Ginger & Orange","UNKNOWN","IN"
"3","1","James Morton",21,"Hillswick, Shetland Islands","Medical student","Parsnip, Pear, and Pecan","""Simmer Dim"" Sunset Cake","IN"
"3","1","John Whaite",22,"Wigan","Law student","Toffee Apple, Orange & Cranberry","Hidden Pink Hearts Cake","IN"
"3","1","Manisha Parmar",27,"Leicester","Nursery nurse","Vanilla, Peach and Raspberry","White Chocolate Cake with a Red Velvet and White Chocolate Mousse Heart","IN"
"3","1","Natasha Stringer",36,"Tamworth, Staffordshire","Midwife","Pineapple & Passion Fruit","Mother's Day Layered Rose Cake","OUT"
"3","1","Peter Maloney",43,"Windsor, Berkshire","Sales manager","Pear, Muscat & Chocolate","Jubilee Cake","IN"
"3","1","Ryan Chong",38,"Bristol","Photographer","Kumquat and Orange Polenta","Hidden Flowerbed Mousse Cake","IN"
"3","1","Sarah-Jane Willis",28,"Bewbush, West Sussex","Vicar's wife","Pear, Chocolate and Hazelnut","Hidden Crown Cake","IN"
"3","1","Stuart Marston-Smith",26,"Lichfield, Staffordshire","PE teacher","Tomato and Ginger","Lemon and Pistachio Union Flag Cake","IN"
"3","1","Victoria Chester",50,"Somerset","CEO of the charity Plantlife","Pear and Pecan","Blackbird Pie Cake","STAR BAKER"
"3","2","Brendan Lynch",63,"Sutton Coldfield","Recruitment consultant","Middle Eastern Taboon BreadIndian Rotis","Chocolate and Vanilla Bagels
Cumin and Gruyere Bagels","IN"
"3","2","Cathryn Dresser",27,"Pease Pottage, West Sussex","Shop assistant","Spiced Mango NaanLime, Coriander and Chilli Tortillas","Cranberry and Orange Bagels
Chipotle, Chili, and Smoked Cheddar Bagels","IN"
"3","2","Danny Bryden",45,"Sheffield","Intensive care consultant","Lime Coriander and Coconut TortillasZaatar Naan with Dukkah","UNKNOWN","IN"
"3","2","James Morton",21,"Hillswick, Shetland Islands","Medical student","Tomato, Garlic, and Parmesan FlatbreadsTattie Scones","Orange, Mint and Chocolate Bagels
'Millers' Sourdough Bagels","IN"
"3","2","John Whaite",22,"Wigan","Law student","Coriander and Chilli RotisGarlic, Pomegranate and Potato Pitas","Fig, Walnut and Gruyere Bagels
Blueberry and White Chocolate Bagels","STAR BAKER"
"3","2","Manisha Parmar",27,"Leicester","Nursery nurse","Indian FlatbreadsItalian Flatbreads","UNKNOWN","IN"
"3","2","Peter Maloney",43,"Windsor, Berkshire","Sales manager","Fennel and Nigella Seed NaanBannock Bread","Rosemary and Sea Salt Bagels
Apple and Cinnamon Bagels","OUT"
"3","2","Ryan Chong",38,"Bristol","Photographer","Shanghai Spring Onion FlatbreadsGarlic and Coriander Naan","Cinnamon and Date Bagels
Tarragon and Rosemary Bagels","IN"
"3","2","Sarah-Jane Willis",28,"Bewbush, West Sussex","Vicar's wife","Toasted Coconut and Lime RotisOatcakes","UNKNOWN","IN"
"3","2","Stuart Marston-Smith",26,"Lichfield, Staffordshire","PE teacher","Bombay BreadChorizo and Spring Onion Naan","Cinnamon and Cranberry Bagels
Tomato and Thyme Bagels","IN"
"3","2","Victoria Chester",50,"Somerset","CEO of the charity Plantlife","Coriander and Lemon NaanGarlic and Parsnip Chapatis","Saffron and Golden Raisin Bagels
Porcini Bagels","IN"
"3","3","Brendan Lynch",63,"Sutton Coldfield","Recruitment consultant","Apple and Ginger Tarte Tatin","Blackberry, Nectarine and Dragon Fruit Tart","IN"
"3","3","Cathryn Dresser",27,"Pease Pottage, West Sussex","Shop assistant","Plum, Cherry and Five Spice Tarte Tatin","Raspberry, Pistachio and Lemon Tart","IN"
"3","3","Danny Bryden",45,"Sheffield","Intensive care consultant","Savoury Pear and Roquefort Tarte Tatin","Pineapple, Coconut and Frangipane Tart","IN"
"3","3","James Morton",21,"Hillswick, Shetland Islands","Medical student","Apple and Lavender Tarte Tatin","Rose, Lychee and Raspberry Fruit Tart","STAR BAKER"
"3","3","John Whaite",22,"Wigan","Law student","Apple and Vanilla Tarte Tatin with Walnut Praline","Berries, Grapes, Pomegranate, and Dragon Fruit Tart","IN"
"3","3","Manisha Parmar",27,"Leicester","Nursery nurse","Cinnamon, Apple and Pear Tarte Tatin","Rum and Tropical Fruit Tart","IN"
"3","3","Ryan Chong",38,"Bristol","Photographer","Spiced Pear Tarte Tatin","UNKNOWN","IN"
"3","3","Sarah-Jane Willis",28,"Bewbush, West Sussex","Vicar's wife","Caramelised Banana Tarte Tatin","French Apple Tart with Blackberry and Cassis Jam","IN"
"3","3","Stuart Marston-Smith",26,"Lichfield, Staffordshire","PE teacher","Pear and Almond Tarte Tatin","Raspberry Triple Chocolate Layered Tart","IN"
"3","3","Victoria Chester",50,"Somerset","CEO of the charity Plantlife","Fig, Walnut and Pink Peppercorn Tarte Tatin","Tropical Fruit Tart with Black Pepper Crust","OUT"
"3","4","Brendan Lynch",63,"Sutton Coldfield","Recruitment consultant","Clementine and Chestnut Torte","Pear, Chocolate and Hazelnut Dacquoise","STAR BAKER"
"3","4","Cathryn Dresser",27,"Pease Pottage, West Sussex","Shop assistant","White Chocolate, Macadamia and Coffee Torte","Gooseberry, Almond and Honey Meringue","IN"
"3","4","Danny Bryden",45,"Sheffield","Intensive care consultant","Blackberry, White Chocolate, Lemon and Elderflower Torte","'Monte Bianco' Chestnut, Chocolate and Coffee Dacquoise","IN"
"3","4","James Morton",21,"Hillswick, Shetland Islands","Medical student","Hazelnut, Chocolate and Passionfruit Torte","Fig, Chestnut, Cherry and Chocolate Layered Meringue","IN"
"3","4","John Whaite",22,"Wigan","Law student","'Torte Noir' Black Forest Torte with Boozy Cream","Elderflower and Bramble Berry Pavlova","IN"
"3","4","Manisha Parmar",27,"Leicester","Nursery nurse","Almond, Chocolate and Cherry Torte","Tiramisu Layered Meringue Dessert","IN"
"3","4","Ryan Chong",38,"Bristol","Photographer","Green Tea Opera Torte","Strawberry, Rose and Pistachio Meringue","IN"
"3","4","Sarah-Jane Willis",28,"Bewbush, West Sussex","Vicar's wife","Chocolate and Almond Truffle Torte","Hazelnut Tiramisu Layered Meringue","IN"
"3","4","Stuart Marston-Smith",26,"Lichfield, Staffordshire","PE teacher","Black Forest Torte","Choca Blocka Mocha Meringue","OUT"
"3","5","Brendan Lynch",63,"Sutton Coldfield","Recruitment consultant","Salmon Coulibiac in a Scandinavian Pastry","All American Chiffon Pie","IN"
"3","5","Cathryn Dresser",27,"Pease Pottage, West Sussex","Shop assistant","Full English Wellington","Chocolate and Peanut Butter Pumpkin Pie","IN"
"3","5","Danny Bryden",45,"Sheffield","Intensive care consultant","Chickpea, Spinach & Mushroom Wellington","Trick or Treat Pumpkin Pie","IN"
"3","5","James Morton",21,"Hillswick, Shetland Islands","Medical student","Four Pig Wellington","Sweet Potato Pie","IN"
"3","5","John Whaite",22,"Wigan","Law student","Venison and Haggis Wellington","Star-Spangled Pecan Pie","IN"
"3","5","Manisha Parmar",27,"Leicester","Nursery nurse","Lamb Wellington with Rosemary and Mint","Banana Scotch Pie","OUT"
"3","5","Ryan Chong",38,"Bristol","Photographer","Curry Spiced Seabass Wellington","Key Lime Pie","STAR BAKER"
"3","5","Sarah-Jane Willis",28,"Bewbush, West Sussex","Vicar's wife","Beef Wellington with Parma Ham and Gorgonzola Cheese","Chocolate and Banana Cream Pie","IN"
"3","6","Brendan Lynch",63,"Sutton Coldfield","Recruitment consultant","Rhubarb, Strawberry and Ginger Puddings
Sticky Toffee Puddings","Spinach, Cheese and Walnut Strudel","STAR BAKER"
"3","6","Cathryn Dresser",27,"Pease Pottage, West Sussex","Shop assistant","Chocolate Walnut Whip Puddings
Elderflower Sponges","Roasted Vegetable Couscous and Sheep Cheese Strudel","IN"
"3","6","Danny Bryden",45,"Sheffield","Intensive care consultant","Banoffee Puddings with Walnut Butterscotch SauceJubilee Chocolate Fondants","Leek, Potato, Pistachio and Gruyère Strudel","IN"
"3","6","James Morton",21,"Hillswick, Shetland Islands","Medical student","Banana and Clove PuddingsClootie Dumplings","Strawberry, Rhubarb and Ginger Strudel","IN"
"3","6","John Whaite",22,"Wigan","Law student","Spicy Toffee PuddingsRaspberry and White Chocolate Puddings","Did not complete due to injury","IN"
"3","6","Ryan Chong",38,"Bristol","Photographer","Chocolate FondantsSticky Ginger and Date Puddings","Apple, Sour Cherry, Raisin and Mixed Nuts Strudel","IN"
"3","6","Sarah-Jane Willis",28,"Bewbush, West Sussex","Vicar's wife","Sticky Toffee PuddingsGranny's Saucy Lemon Puddings","Sweet Strudel with Sour Cherries","IN"
"3","7","Brendan Lynch",63,"Sutton Coldfield","Recruitment consultant","Chelsea Bunskis","Black Forest Christmas Stollen","IN"
"3","7","Cathryn Dresser",27,"Pease Pottage, West Sussex","Shop assistant","Lady Arundel's Manchet Buns","Bonfire Night Tear 'n' Share Brioche","IN"
"3","7","Danny Bryden",45,"Sheffield","Intensive care consultant","Bakewell Chelsea Buns","European Christmas Wreath","STAR BAKER"
"3","7","James Morton",21,"Hillswick, Shetland Islands","Medical student","Easter Chelsea Buns","Whisky Kugelhopf-Brioche Baba","IN"
"3","7","John Whaite",22,"Wigan","Law student","Cherry and Almond Saffron Buns","Marzipan Stollen","IN"
"3","7","Ryan Chong",38,"Bristol","Photographer","Lardy Cakes","Char Siu Bao","OUT"
"3","7","Sarah-Jane Willis",28,"Bewbush, West Sussex","Vicar's wife","Orange, Nutmeg and Saffron Buns","Sour Cherry and Dark Chocolate Christmas Plait","OUT"
"3","8","Brendan Lynch",63,"Sutton Coldfield","Recruitment consultant","Multi-Seed Savoury Crackers","Fantasy Gingerbread Bird House","IN"
"3","8","Cathryn Dresser",27,"Pease Pottage, West Sussex","Shop assistant","Cheese and Pickle Crackers","Gingerbread Buckingham Palace","OUT"
"3","8","Danny Bryden",45,"Sheffield","Intensive care consultant","Spiced Almond Drinks Crackers","Gingerbread Big Ben","IN"
"3","8","James Morton",21,"Hillswick, Shetland Islands","Medical student","Smoky Cayenne, Cumin and Chilli Crackers","Gingerbread Barn","STAR BAKER"
"3","8","John Whaite",22,"Wigan","Law student","Asian Spice Crackers","Gingerbread Roman Coliseum","IN"
"3","9","Brendan Lynch",63,"Sutton Coldfield","Recruitment consultant","Coffee Meringue and Hazelnut CreamsApricot and Pistachio FriandsLime Curd Choux Pastry Cygnets","Gateau St. Honoré","IN"
"3","9","Danny Bryden",45,"Sheffield","Intensive care consultant","Blackberry and Peppermint MacaroonsMiniature Raspberry and Basil FinanciersOrange and White Chocolate Langues de Chat","Rosewater and Lychee St. Honoré","OUT"
"3","9","James Morton",21,"Hillswick, Shetland Islands","Medical student","Lemon and Rhubarb TartletsChocolate Indulgence Petits FoursChilli, Lime and Raspberry Macaroons","Coffee, Caramel and Hazelnut Paris-Brest","STAR BAKER"
"3","9","John Whaite",22,"Wigan","Law student","Lemon MadeleinesWhite Chocolate and Raspberry TartletsDark Chocolate and Cherry Macaroons","Gateau St. Honoré a la Passion","IN"
"3","10","Brendan Lynch",63,"Sutton Coldfield","Recruitment consultant","Potato and Pepper Pithivier","Family Reunion Chiffon Cake","Runner-up"
"3","10","James Morton",21,"Hillswick, Shetland Islands","Medical student","Spanish Pithivier with Chorizo and Red Pepper","United Chiffon Cakes","Runner-up"
"3","10","John Whaite",22,"Wigan","Law student","Italian Sausage and Roasted Vegetable Pithivier","Heaven and Hell Chiffon Cake","WINNER"
"4","1","Ali Imdad",25,"Saltley, Birmingham","Charity worker","Rose and Pistachio Cake","Chocolate, Raspberry and Passion Fruit Engagement Cake","IN"
"4","1","Beca Lyne-Pirkis",31,"Aldershot, Hampshire","Military Wives' Choir Singer","Grapefruit Sandwich Cake","Chocolate Cherry Indulgence","IN"
"4","1","Christine Wallace",66,"Didcot, Oxfordshire","Director of an engraving company","Strawberry, Vanilla and Rosewater Summer Basket","Chocolate and Orange 'Fripperous' Hat Cake","IN"
"4","1","Deborah Manger",51,"Peterborough","Dentist","Pineapple Cake","'Coffee Time'","IN"
"4","1","Frances Quinn",31,"Market Harborough, Leicestershire","Children's Clothes Designer","Giant Jam Sandwich","Secret Squirrel Cake","IN"
"4","1","Glenn Cosby",37,"Teignmouth, Devon","English Teacher","Strawberries and Cream Cake","Almond and Espresso Chocolate Cake","IN"
"4","1","Howard Middleton",51,"Sheffield","Council Worker","Passion Fruit and Coconut Cake","Black Forest Revisited","IN"
"4","1","Kimberley Wilson",30,"London","Psychologist","Blood Orange Cake","Chocolate, Raspberry & Basil Layer Cake","IN"
"4","1","Lucy Bellamy",38,"Grimsby, Lincolnshire","Horticulturist","Timperley Early Cake","Thyme 'Wildwood' Cake","IN"
"4","1","Mark Onley",37,"Milton Keynes","Carpenter and Kitchen Fitter","Lemon and Poppy Seed Cake","Chocolate Monster","IN"
"4","1","Robert Smart",54,"Melbourn, Cambridgeshire","Space Satellite Designer","Pecan and Apple Cake","Raspberry Chocolate Cake","STAR BAKER"
"4","1","Ruby Tandoh",20,"Southend, Essex","History of Art and Philosophy Student","Rhubarb and Custard Sandwich Cake","Chocolate and Ginger Night Sky Cake","IN"
"4","1","Toby Waterworth",30,"Reading, Berkshire","Web Programmer","Spiced and Iced Carrot Cake","Two Tiered Chocolate Cake","OUT"
"4","2","Ali Imdad",25,"Saltley, Birmingham","Charity worker","Italian Grissini","Sweet and Savoury Yin Yang Bread","IN"
"4","2","Beca Lyne-Pirkis",31,"Aldershot, Hampshire","Military Wives' Choir Singer","Fennel and Chilli Breadsticks","Five Strand Christmas Wreath","IN"
"4","2","Christine Wallace",66,"Didcot, Oxfordshire","Director of an engraving company","Mediterranean Breadsticks with Oregano","Double Plaited Loaf","IN"
"4","2","Deborah Manger",51,"Peterborough","Dentist","Fennel & Chilli Breadsticks","Walnut Fleur Loaf","IN"
"4","2","Frances Quinn",31,"Market Harborough, Leicestershire","Children's Clothes Designer","Giant Matchsticks","Sailor's Knot","IN"
"4","2","Glenn Cosby",37,"Teignmouth, Devon","English Teacher","Rosemary and Parmesan Grissini","Harvest Crown","IN"
"4","2","Howard Middleton",51,"Sheffield","Council Worker","Moroccan Breadsticks","Picasso Sun Bread","IN"
"4","2","Kimberley Wilson",30,"London","Psychologist","Nigella Seed and Parmesan Breadsticks","Peace Bread","IN"
"4","2","Lucy Bellamy",38,"Grimsby, Lincolnshire","Horticulturist","Grissini with Salt","Roast Tomato Bread","OUT"
"4","2","Mark Onley",37,"Milton Keynes","Carpenter and Kitchen Fitter","Rosemary & Raisin Breadsticks","Sage & Garlic Plait","IN"
"4","2","Robert Smart",54,"Melbourn, Cambridgeshire","Space Satellite Designer","Twisty Rye Bread Sticks","Tribute Loaf","IN"
"4","2","Ruby Tandoh",20,"Southend, Essex","History of Art and Philosophy Student","Mexican Breadsticks","White Chocolate and Orange Peacock Bread","STAR BAKER"
"4","3","Ali Imdad",25,"Saltley, Birmingham","Charity worker","Coconut, Raspberry and Lemon Meringue Trifle","Vanilla Latte Mini CakesLime & Mint Shortbread Pops","IN"
"4","3","Beca Lyne-Pirkis",31,"Aldershot, Hampshire","Military Wives' Choir Singer","Orange and Ginger Trifle","Limoncello and Blueberry BurstsMillionaire Shortbread","IN"
"4","3","Christine Wallace",66,"Didcot, Oxfordshire","Director of an engraving company","Caribbean Pina Colada Trifle","Ninety-NinersSachertorte Parcels","STAR BAKER"
"4","3","Deborah Manger",51,"Peterborough","Dentist","Tropical Trifle*","Canelé Cherry and Chocolate CakesRose Cookies","OUT"
"4","3","Frances Quinn",31,"Market Harborough, Leicestershire","Children's Clothes Designer","Apple and Blackberry Crumble Trifle","'Ballet Bites' Ginger NutcrackersSugar Plum Fairy Cakes","IN"
"4","3","Glenn Cosby",37,"Teignmouth, Devon","English Teacher","Raspberry and Almond Trifle","Billionaire BouchéesOrange Financiers","IN"
"4","3","Howard Middleton",51,"Sheffield","Council Worker","Caramel and Apple Trifle*","Black Coffee and Cardamom CakesWhite Stilton and Pear Biscuits","IN"
"4","3","Kimberley Wilson",30,"London","Psychologist","Peach, Almond and Ginger Trifle","Chocolate Pistachio FinanciersLemon Bergamot Biscuits","IN"
"4","3","Mark Onley",37,"Milton Keynes","Carpenter and Kitchen Fitter","Ginger, Mango and Passion Fruit Trifle","Rose and Pistachio MacaroonsChocolate and Raspberry Bites","OUT"
"4","3","Robert Smart",54,"Melbourn, Cambridgeshire","Space Satellite Designer","Rhubarb and Orange Trifle","Almond FriandsTurǫn Macaroons","IN"
"4","3","Ruby Tandoh",20,"Southend, Essex","History of Art and Philosophy Student","Desert Island Trifle","Lemon Shortbread and White Chocolate SeashellsBlackberry and Chocolate Layer Cakes","IN"
"4","4","Ali Imdad",25,"Saltley, Birmingham","Charity worker","Apple and Ginger Pie with a Pecan and Walnut Shortcrust Pastry","Orange, Cardamom and Date M'Hanncha","OUT"
"4","4","Beca Lyne-Pirkis",31,"Aldershot, Hampshire","Military Wives' Choir Singer","Mamgu's Cherry-Apple Tart","Moroccan Vegetable Filo Feast","IN"
"4","4","Christine Wallace",66,"Didcot, Oxfordshire","Director of an engraving company","Granny Rogers' Apple, Plum & Cinnamon Country Pie","Roasted Vegetable Filo Pie with Feta Cheese","IN"
"4","4","Frances Quinn",31,"Market Harborough, Leicestershire","Children's Clothes Designer","Peach Pie In the Sky","Cherry Tree Baklava Filo Pie","IN"
"4","4","Glenn Cosby",37,"Teignmouth, Devon","English Teacher","Apple & Maple Syrup Pie","Spanakopita (Walnut and Feta Cheese)","IN"
"4","4","Howard Middleton",51,"Sheffield","Council Worker","Apple Pie with Sage Pastry","Fresh Fig and Feta Filo Flan","IN"
"4","4","Kimberley Wilson",30,"London","Psychologist","Pecan and Rosemary Caramel Apple Pie","Chicken, Bacon and Butternut Squash Pie","STAR BAKER"
"4","4","Robert Smart",54,"Melbourn, Cambridgeshire","Space Satellite Designer","Apple and Pear Pie with Thyme","Spanakopita with St George's Mushrooms","IN"
"4","4","Ruby Tandoh",20,"Southend, Essex","History of Art and Philosophy Student","Apple and Marzipan Pie","Rose, Almond and Raspberry Filo Pie","IN"
"4","5","Beca Lyne-Pirkis",31,"Aldershot, Hampshire","Military Wives' Choir Singer","Chocolate, Cherry and Hazelnut Brownies","Tiered Macaron and Sugar Dough Biscuit Centrepiece","IN"
"4","5","Christine Wallace",66,"Didcot, Oxfordshire","Director of an engraving company","Mixed Berry and Almond Crumble Traybake","Shortbread Bavarian Clock Tower","STAR BAKER"
"4","5","Frances Quinn",31,"Market Harborough, Leicestershire","Children's Clothes Designer","Millionaire Banoffee Bonus","Biscuit Buttons and Beads","IN"
"4","5","Glenn Cosby",37,"Teignmouth, Devon","English Teacher","Apricot and Pistachio Tiffin","Shortbread and Macaron Helter-Skelter","IN"
"4","5","Howard Middleton",51,"Sheffield","Council Worker","Breakfast Traybake","Japanese Pagoda Tea Tower","IN"
"4","5","Kimberley Wilson",30,"London","Psychologist","Cherry and Almond Bakewell Florentine Slice","Black and White Viennese Biscuit Stack","IN"
"4","5","Robert Smart",54,"Melbourn, Cambridgeshire","Space Satellite Designer","Blueberry & Orange Traybake","Dalek","OUT"
"4","5","Ruby Tandoh",20,"Southend, Essex","History of Art and Philosophy Student","Blackberry and Lemon Bakewell Slice","'Dropped Ice-Cream' Biscuit Centrepiece","IN"
"4","6","Beca Lyne-Pirkis",31,"Aldershot, Hampshire","Military Wives' Choir Singer","Bara Brith","Chocolate and Rum-Soaked Prune BriochesCardamom Spiced Lemon Iced Buns","IN"
"4","6","Christine Wallace",66,"Didcot, Oxfordshire","Director of an engraving company","Oxford Nutty Fruit Loaf","Schnecken BunsVanilla Custard Skolebrød","IN"
"4","6","Frances Quinn",31,"Market Harborough, Leicestershire","Children's Clothes Designer","Chai Tea Loaf","Hot Cross BriochesRhubarb and Custard Kolaches","IN"
"4","6","Glenn Cosby",37,"Teignmouth, Devon","English Teacher","Devonshire Panettone","Almond and Apricot BriochesSticky Caramel Kanelbullen","IN"
"4","6","Howard Middleton",51,"Sheffield","Council Worker","Date & Hemp Yorkshire Loaf","Peachy BunsGerman Baumschnecken","OUT"
"4","6","Kimberley Wilson",30,"London","Psychologist","Chai Spiced Ginger and Date Tea Loaf","Double Chocolate and Hazelnut BriochesDanish Kanelsnurrer","IN"
"4","6","Ruby Tandoh",20,"Southend, Essex","History of Art and Philosophy Student","Citrus Tea Loaf","Twisted Swedish KanelbullarSaffron St. Lucia Buns","STAR BAKER"
"4","7","Beca Lyne-Pirkis",31,"Aldershot, Hampshire","Military Wives' Choir Singer","Spring Lamb and Vegetable Suet Puddingwith Redcurrant Gravy","Nectarine and Frangipane SquaresChocolate and Hazelnut Vol-au-ventsStrawberries and Cream Mille-feuille","IN"
"4","7","Christine Wallace",66,"Didcot, Oxfordshire","Director of an engraving company","Spotted Dick 'With a Kick'and Vanilla Custard Ice Cream","Eccles CakesFresh Fruit BasketsLemon Cream Eton Mess Mille-feuille","IN"
"4","7","Frances Quinn",31,"Market Harborough, Leicestershire","Children's Clothes Designer","Figgy Roll-y Poly Puddingwith Caramelised Walnut and Honey Ice-Cream","French Framboise Cream HornsSheet Music Mille-feuilleBass Clef Palmiers","STAR BAKER"
"4","7","Glenn Cosby",37,"Teignmouth, Devon","English Teacher","Prune and Armagnac Puddingwith Boozy Butterscotch Sauce","Caramelised Apple and Marzipan TartletsChocolate Elephant EarsPassion Fruit Mille-feuille","OUT"
"4","7","Kimberley Wilson",30,"London","Psychologist","Barberry and Apple Spotted Dickwith Maple Syrup and White Chocolate Custard","Pear, Malt and Butterscotch Mille-feuilleBlackberry and Lemon Verbena Crème Brûle Custard TartsFig, Orange and Thyme Galette","IN"
"4","7","Ruby Tandoh",20,"Southend, Essex","History of Art and Philosophy Student","Plum Jam Roly-Polywith Ginger Ice cream","Raspberry and Passion Fruit Mille-feuilleCaramelised Apple LatticePortuguese Custard Tarts","IN"
"4","8","Beca Lyne-Pirkis",31,"Aldershot, Hampshire","Military Wives' Choir Singer","Potato, Spelt and Rosemary Focaccia","Spiced Butternut Squash and Pecan 'Cheese' Cake","IN"
"4","8","Christine Wallace",66,"Didcot, Oxfordshire","Director of an engraving company","Multi-Seeded Loaf with Pumpkin, Sesame and Sunflower Seeds","Sweet Potato Guitar with Passion Fruit Icing and Marshmallow Fondant","OUT"
"4","8","Frances Quinn",31,"Market Harborough, Leicestershire","Children's Clothes Designer","'Chelsea Flour Show' Bun Bouquet","Hidden Carrot Cake (Ground Praline, Beetroot and Walnut)","IN"
"4","8","Kimberley Wilson",30,"London","Psychologist","Wild Garlic Pesto and Parma Ham Spelt Loaf","Butternut Squash and Spice Cake Toadstool House","IN"
"4","8","Ruby Tandoh",20,"Southend, Essex","History of Art and Philosophy Student","Mango and Nigella Seed Spelt Cob","Carrot Cake and Pistachio Garden Plot","STAR BAKER"
"4","9","Beca Lyne-Pirkis",31,"Aldershot, Hampshire","Military Wives' Choir Singer","Stilton and Walnut MacaronsBeetroot and Salmon Choux PuffsWelsh Rarebit Tartlets","Banoffee Opera Cake","OUT"
"4","9","Frances Quinn",31,"Market Harborough, Leicestershire","Children's Clothes Designer","Legume Canapés:
Chantenay CarrotsChoux Pastry TomatoesCauliflower Cheese Scones","Great British Soap Opera Cake","IN"
"4","9","Kimberley Wilson",30,"London","Psychologist","Pea Purée TartsCrab and Wasabi ProfiterolesSteamed Buns with Barbecue Chicken","Passion Fruit and Lime Opera Cake","STAR BAKER"
"4","9","Ruby Tandoh",20,"Southend, Essex","History of Art and Philosophy Student","Beetroot Jelly on Poppy Seed BiscuitsSpinach, Parmesan and Egg TartletsChoux Buns with Goat's Cheese and Caramelised Onions","Chocolate, Almond Praline and Saffron Opera Cake","IN"
"4","10","Frances Quinn",31,"Market Harborough, Leicestershire","Children's Clothes Designer","Rainbow Picnic Pie","Midsummer Night's Dream Wedding Cake","WINNER"
"4","10","Kimberley Wilson",30,"London","Psychologist","Chicken and Pig Pie","Languages of Love Wedding Cake","Runner-up"
"4","10","Ruby Tandoh",20,"Southend, Essex","History of Art and Philosophy Student","Picnic Basket Pie","Raspberry, Lemon and Passion Fruit Wedding Cake","Runner-up"
"5","1","Chetna Makan",35,"Broadstairs, Kent","Fashion Designer","Cardamom, Pistachio and Coffee Swiss Roll","Tiered Victoria Sponges with Lemon Curd and Raspberry Cream","IN"
"5","1","Claire Goodwin",31,"Ashton upon Mersey, Trafford","Speech Therapist","Chocolatey Orangey Swirly Roll","Mini Chocolate and Cherry Cakes","OUT"
"5","1","Diana Beard",69,"Alkington, Shropshire","Women's Institute (WI) Judge","Mum's Sunday Tea Lemon Curd Swiss Roll","Chocolate Ganache Surprises","IN"
"5","1","Enwezor Nzegwu",39,"Portsmouth, Hampshire","Business Consultant","Raspberry and Lemon Swiss Roll","Coffee and Walnut Battenberg Squares","IN"
"5","1","Iain Watters",31,"London/Belfast","Construction Engineer","Apricot and Basil Swiss Roll with Mascarpone and White Chocolate Cream","Lemon Drizzle Cakes with Mascarpone Filling, Drizzled Icing, and Candied Lemon","IN"
"5","1","Jordan Cox",32,"Sneinton, Nottingham","IT Manager","Kawaii Frasier Swiss Roll","Lemon Drizzle Cakes with Blueberry and Lemon Curd","IN"
"5","1","Kate Henry",41,"Brighton, East Sussex","Furniture Restorer","Red Velvet and White Chocolate Swiss Roll","Mini Tiered Victoria Sponges","IN"
"5","1","Luis Troyano",42,"Poynton, Cheshire","Graphic Designer","Spanish Swiss Roll","Raspberry and Lemon Genoise Slices with Lemon Drizzles","IN"
"5","1","Martha Collison",17,"Ascot, Berkshire","Student","Tiramisu Swiss Roll","Mini Lemon and Thyme Drizzle Cakes","IN"
"5","1","Nancy Birtwhistle",60,"Barton-upon-Humber, Lincolnshire","Retired Practice Manager","Coffee and Hazelnut Swiss Roll","Jaffa Orange Cakes","STAR BAKER"
"5","1","Norman Calder",66,"Portknockie, Moray","Retired Naval Officer","Black Forest Swiss Roll","Almond and Raspberry Mini Cakes","IN"
"5","1","Richard Burr",38,"Mill Hill, London","Builder","Pistachio and Strawberry Swiss Roll","Miniature Coffee & Walnut Cakes","IN"
"5","2","Chetna Makan",35,"Broadstairs, Kent","Fashion Designer","Fenugreek and Carom Crackers","Day On The Beach","IN"
"5","2","Diana Beard",69,"Alkington, Shropshire","Women's Institute (WI) Judge","Parmesan Triangles","Express, First Class","IN"
"5","2","Enwezor Nzegwu",39,"Portsmouth, Hampshire","Business Consultant","Pumpkin and Sunflower Savoury Biscuits","Space Adventure Moon Scene","OUT"
"5","2","Iain Watters",31,"London/Belfast","Construction Engineer","Za'atar and Fig Biscuits","Wild West Scene","IN"
"5","2","Jordan Cox",32,"Sneinton, Nottingham","IT Manager","Sourdough, Parmesan and Chilli Biscuits","Monster Attack","IN"
"5","2","Kate Henry",41,"Brighton, East Sussex","Furniture Restorer","Parmesan and Apple Biscuits","Tea Time","IN"
"5","2","Luis Troyano",42,"Poynton, Cheshire","Graphic Designer","Black Olive and Rosemary Biscuits with Caramelised Onion Glaze","George Versus The Dragon","IN"
"5","2","Martha Collison",17,"Ascot, Berkshire","Student","Caramelised Onion and Goat's Cheese Sandwich Biscuits","Ski Village Scene","IN"
"5","2","Nancy Birtwhistle",60,"Barton-upon-Humber, Lincolnshire","Retired Practice Manager","Fennel and Rye Thins","Hansel and Gretel Scene","IN"
"5","2","Norman Calder",66,"Portknockie, Moray","Retired Naval Officer","Farthing Biscuits","Zulu Boats at Dawn","IN"
"5","2","Richard Burr",38,"Mill Hill, London","Builder","Rosemary Seeded Crackers","Pirates!","STAR BAKER"
"5","3","Chetna Makan",35,"Broadstairs, Kent","Fashion Designer","Onion and Pine Nut Rolls","Rolled and Filled Twin Loaf","IN"
"5","3","Diana Beard",69,"Alkington, Shropshire","Women's Institute (WI) Judge","Rustic Picnic Rolls","Sharing Savoury Pinwheel","IN"
"5","3","Iain Watters",31,"London/Belfast","Construction Engineer","Cranberry and Walnut Rye Bread Rolls","Moroccan Plaited with a Bessara Dip","IN"
"5","3","Jordan Cox",32,"Sneinton, Nottingham","IT Manager","Rye and Spelt Bread Rolls","Strawberry Raspberry Cheesecake Brioche","OUT"
"5","3","Kate Henry",41,"Brighton, East Sussex","Furniture Restorer","Orange and Cardamom Rye Bread Knots","Prosciutto, Olive and Coriander Bread","IN"
"5","3","Luis Troyano",42,"Poynton, Cheshire","Graphic Designer","Opposites Attract Rolls","Roscón de Reyes","STAR BAKER"
"5","3","Martha Collison",17,"Ascot, Berkshire","Student","Date and Walnut Rye Rolls","Stuffed Sunflower Loaf","IN"
"5","3","Nancy Birtwhistle",60,"Barton-upon-Humber, Lincolnshire","Retired Practice Manager","Cider and Walnut Crusty Rolls","'Full English' Stromboli","IN"
"5","3","Norman Calder",66,"Portknockie, Moray","Retired Naval Officer","Rye Bread Rolls","Chicken and Roasted Vegetable Picnic Loaf","IN"
"5","3","Richard Burr",38,"Mill Hill, London","Builder","Rye and Cranberry Rolls","Pesto Pinwheel","IN"
"5","4","Chetna Makan",35,"Broadstairs, Kent","Fashion Designer","Rhubarb, Strawberry and Orange Puddings","Mango, Raspberry and Coconut Baked Alaska","IN"
"5","4","Diana Beard",69,"Alkington, Shropshire","Women's Institute (WI) Judge","Orange and Lemon Curd Pots","Raspberry Ripple Alaska Swan","IN"
"5","4","Iain Watters",31,"London/Belfast","Construction Engineer","Chocolate, Lime and Raspberry Fondants","Chocolate, Black Sesame Seed and Coffee Caramel Baked Alaska (not presented)","OUT"
"5","4","Kate Henry",41,"Brighton, East Sussex","Furniture Restorer","Chocolate and Salted Caramel Molten Puddings","Pistachio, Raspberry and Chocolate Baked Alaska","IN"
"5","4","Luis Troyano",42,"Poynton, Cheshire","Graphic Designer","Pears in Puddings","Bakewell Alaska","IN"
"5","4","Martha Collison",17,"Ascot, Berkshire","Student","Peanut Butter Chocolate Fondants","Key Lime Baked Alaska","IN"
"5","4","Nancy Birtwhistle",60,"Barton-upon-Humber, Lincolnshire","Retired Practice Manager","Pistachio Puddings with Chocolate Sauce","Summer Pudding Alaska","IN"
"5","4","Norman Calder",66,"Portknockie, Moray","Retired Naval Officer","Mini Sticky Toffee Puddings","Baked Alaska with Strawberry Surprise","IN"
"5","4","Richard Burr",38,"Mill Hill, London","Builder","Black Forest Chocolate Fondants","Tiramisu Baked Alaska","STAR BAKER"
"5","5","Chetna Makan",35,"Broadstairs, Kent","Fashion Designer","Rice Custard Tart with Mangoes and Raspberries","Fusion Tiered Pies","IN"
"5","5","Kate Henry",41,"Brighton, East Sussex","Furniture Restorer","Rhubarb and Custard Tart","Rhubarb, Prune and Apple Pies","STAR BAKER"
"5","5","Luis Troyano",42,"Poynton, Cheshire","Graphic Designer","Tropical Manchester Tart","Four Fruity Seasons Tower","IN"
"5","5","Martha Collison",17,"Ascot, Berkshire","Student","Pistachio, Apricot and Honey Custard Tart","Three Little Pigs Pie","IN"
"5","5","Nancy Birtwhistle",60,"Barton-upon-Humber, Lincolnshire","Retired Practice Manager","Chocolate Crusted Passion Fruit Tart","Trio of Apple Pies","IN"
"5","5","Norman Calder",66,"Portknockie, Moray","Retired Naval Officer","Tarte au Citron","Pieful Tower","OUT"
"5","5","Richard Burr",38,"Mill Hill, London","Builder","Fig and Orange Tart","Three Course Autumn Pie Feast","IN"
"5","6","Chetna Makan",35,"Broadstairs, Kent","Fashion Designer","Orange Savarin with Cinnamon Cream","Almond Liqueur Dobos Torte with Chocolate Caramel Buttercream","STAR BAKER"
"5","6","Kate Henry",41,"Brighton, East Sussex","Furniture Restorer","Pecan, Chocolate and Sour Cherry Yeast Cake","Trio of Dobos Tortes","IN"
"5","6","Luis Troyano",42,"Poynton, Cheshire","Graphic Designer","Apple and Cinnamon Kugelhopf with Honeyed Apples","The Cage on the Rocky Hill","IN"
"5","6","Martha Collison",17,"Ascot, Berkshire","Student","Dark Chocolate and Almond Liqueur Savarin","Chess-Themed Chocolate and Salted Caramel Dobos Torte","IN"
"5","6","Nancy Birtwhistle",60,"Barton-upon-Humber, Lincolnshire","Retired Practice Manager","Rum Punch Savarin with Coconut Cream and Tropical Fruits","Chocolate and Caramel Dobos Torte","IN"
"5","6","Richard Burr",38,"Mill Hill, London","Builder","Fruity Guglhupf with an Orange Glaze","Sugar Forest Dobos Torte","IN"
"5","7","Chetna Makan",35,"Broadstairs, Kent","Fashion Designer","Crispy Lentil Kachori","Chocolate and Mango & Lemon Meringue Éclairs","IN"
"5","7","Kate Henry",41,"Brighton, East Sussex","Furniture Restorer","Spinach and Paneer Spicy Samosa","Neapolitan & Lemon Meringue Éclairs","OUT"
"5","7","Luis Troyano",42,"Poynton, Cheshire","Graphic Designer","Childhood Empanadas","Stars and Stripes Éclairs
(Blueberry Cheesecake & Peanut Butter and Jelly Éclairs)","IN"
"5","7","Martha Collison",17,"Ascot, Berkshire","Student","Mini Beef Wellingtons","Rhubarb and Custard & Maple Syrup and Bacon Éclairs","IN"
"5","7","Nancy Birtwhistle",60,"Barton-upon-Humber, Lincolnshire","Retired Practice Manager","Spicy Duck Pasties","Smoked Salmon and Horseradish & Raspberry Ripple Éclairs","IN"
"5","7","Richard Burr",38,"Mill Hill, London","Builder","Minted Lamb Pasties","Stair of Éclairs
(Lavender and Blueberry & Rose and Raspberry Éclairs)","STAR BAKER"
"5","8","Chetna Makan",35,"Broadstairs, Kent","Fashion Designer","Date and Walnut Swirl Bread","Chocolate Mousse Filled DoughnutsBraided Doughnuts","IN"
"5","8","Luis Troyano",42,"Poynton, Cheshire","Graphic Designer","Black Forest Cherry Tree","Cocktail Doughnuts
(Mudslide & Raspberry Mojito)","IN"
"5","8","Martha Collison",17,"Ascot, Berkshire","Student","Spiced Plum Iced Bread Swirl","Glazed Lemon & Poppy Seed DoughnutsChocolate & Passion Fruit Doughnuts","OUT"
"5","8","Nancy Birtwhistle",60,"Barton-upon-Humber, Lincolnshire","Retired Practice Manager","Lincolnshire Plum Braid","Doughnut Family Tree
(Limoncello and Almond & Milk Chocolate and Orange)","IN"
"5","8","Richard Burr",38,"Mill Hill, London","Builder","Fruit Swedish Tea Ring","Rhubarb and Custard and Toffee Apple Doughnuts","STAR BAKER"
"5","9","Chetna Makan",35,"Broadstairs, Kent","Fashion Designer","Chocolate Orange Baklava Masala Chai Baklava","Chocolate, Orange & Nut EntremetsCappuccino Entremets","OUT"
"5","9","Luis Troyano",42,"Poynton, Cheshire","Graphic Designer","Indian Rose BaklavaHalwa Baklava Rolls","Chocolate Mousse & Cherry EntremetsPomegranate, Fig & Pistachio Sponges","IN"
"5","9","Nancy Birtwhistle",60,"Barton-upon-Humber, Lincolnshire","Retired Practice Manager","Coffee and Chocolate BaklavaBreakfast Baklava","Raspberry NonnettesLime and Passion Fruit Entremets","IN"
"5","9","Richard Burr",38,"Mill Hill, London","Builder","Rose and Pistachio BaklavaWalnut and Almond Baklava","Hazelnut Mocha EntremetsPink Grapefruit Entremets","STAR BAKER"
"5","10","Luis Troyano",42,"Poynton, Cheshire","Graphic Designer","Apple, Walnut, Raisin and Cheshire Cheese ChaussonsPain au Chocolat Blanc with Raspberries and Cream Cheese","Village in Chocolate","Runner-up"
"5","10","Nancy Birtwhistle",60,"Barton-upon-Humber, Lincolnshire","Retired Practice Manager","Apple and Lemon KitesRaspberry and Almond Croissants","Red Windmill","WINNER"
"5","10","Richard Burr",38,"Mill Hill, London","Builder","Pear Pain au ChocolatPain Au Lait","Mill on the Hill","Runner-up"
"6","1","Alvin Magallanes",37,"Bracknell, Berkshire","Nurse","Orange Vanilla and Fig Madeira Cake","Black Forest Gâteau","IN"
"6","1","Dorret Conway",53,"Penwortham, Lancashire","Accountant","Madeira Cake with Candied Lemons","Enchanted Forest Gâteau","IN"
"6","1","Flora Shedden",19,"Dunkeld, Perth and Kinross","Art gallery assistant","Blood Orange Madeira Cake","Black Forest Gâteau","IN"
"6","1","Ian Cumming",41,"Great Wilbraham, Cambridgeshire","Travel photographer","Somewhere West of Madeira Cake","Black Forest Cherry Tree","IN"
"6","1","Marie Campbell",66,"Auchterarder, Perthshire","Retired","Zingy Citrus Madeira Cake","A Walk in the Black Forest","STAR BAKER"
"6","1","Mat Riley",37,"London","Fire fighter","Gin and Tonic Madeira Cake","Black Forest Gateau","IN"
"6","1","Nadiya Hussain",30,"Leeds / Luton","Full-time mother","Orange and Green Cardamom Madeira Cake","Quadruple Chocolate Black Forest Gâteau","IN"
"6","1","Paul Jagger",49,"Swansea, Wales","Prison governor","Lemon, Ginger and Caraway Seed Madeira Cake","Black Forest Chocolate Creation","IN"
"6","1","Sandy Docherty",49,"Yeadon, West Yorkshire","Child welfare officer","Madeira Cake with Almond Liqueur and Chopped Apricots","Black Forest Gâteau","IN"
"6","1","Stu Henshall",35,"Guildford, Surrey","Professional musician","Marley Madeira Cake","Purple Forest Gâteau","OUT"
"6","1","Tamal Ray",29,"Manchester","Trainee anaesthetist","Pistachio and Rose Madeira Cake","Black Forest Gâteau in a Chocolate Shell","IN"
"6","1","Ugnė Bubnaityte",32,"Woodford, London / Vilkaviškis, Lithuania","PA and administrator","Lemon and Thyme Madeira Cake","Falling Cup Gâteau","IN"
"6","2","Alvin Magallanes",37,"Bracknell, Berkshire","Nurse","Jackfruit, Pistachio and Macadamia Biscotti","Gingerbread Box filled with Brandy Snaps","IN"
"6","2","Dorret Conway",53,"Penwortham, Lancashire","Accountant","Almond and Apricot Biscotti with Amber Sugar Crystals","Box of Frogs","IN"
"6","2","Flora Shedden",19,"Dunkeld, Perth and Kinross","Art gallery assistant","Wedding Biscotti","Honey and Earl Grey Tea Box","IN"
"6","2","Ian Cumming",41,"Great Wilbraham, Cambridgeshire","Travel photographer","Orange, Rosemary and Almond Biscotti","Sandwich de la Confiture","STAR BAKER"
"6","2","Marie Campbell",66,"Auchterarder, Perthshire","Retired","Biscotti Italiano","Russian Box","OUT"
"6","2","Mat Riley",37,"London","Fire fighter","Pistachio, Cranberry and White Chocolate Biscotti","Gingerbread Fire Engine","IN"
"6","2","Nadiya Hussain",30,"Leeds / Luton","Full-time mother","Coconut, Fennel and Pistachio Biscotti","Box of Fortunes","IN"
"6","2","Paul Jagger",49,"Swansea, Wales","Prison governor","Chocolate, Hazelnut and Fig Biscotti","Memory Box","IN"
"6","2","Sandy Docherty",49,"Yeadon, West Yorkshire","Child welfare officer","Chocolate Chunk and Hazelnut Biscotti","Sundried Tomato Cheese Biscuit Box","IN"
"6","2","Tamal Ray",29,"Manchester","Trainee anaesthetist","Cinnamon, Maple and Cranberry Biscotti","Chessboard Box","IN"
"6","2","Ugnė Bubnaityte",32,"Woodford, London / Vilkaviškis, Lithuania","PA and administrator","White Wine Biscotti","Baby Climbing into the Cookie Box","IN"
"6","3","Alvin Magallanes",37,"Bracknell, Berkshire","Nurse","Prosciutto, Manchego and Balsamic Onion Soda Breads","Cornucopia","IN"
"6","3","Dorret Conway",53,"Penwortham, Lancashire","Accountant","Walnut and Stilton Soda Breads","Unmade Bread","OUT"
"6","3","Flora Shedden",19,"Dunkeld, Perth and Kinross","Art gallery assistant","Fig and Hazelnut Rye Breads","Herb Couture","IN"
"6","3","Ian Cumming",41,"Great Wilbraham, Cambridgeshire","Travel photographer","Wild Garlic Pesto Soda Breads","Flour Power","STAR BAKER"
"6","3","Mat Riley",37,"London","Fire fighter","Jalapeño, Mexican Cheddar and Smoked Salt Soda Breads","Curry Inspired Brighton Pavilion","IN"
"6","3","Nadiya Hussain",30,"Leeds / Luton","Full-time mother","Mexican Bread with Warm Tomato Salsa","Snake Charmer's Basket","IN"
"6","3","Paul Jagger",49,"Swansea, Wales","Prison governor","Cranberry and Orange Sweet Soda Breads","King of the Jungle","IN"
"6","3","Sandy Docherty",49,"Yeadon, West Yorkshire","Child welfare officer","Soda Breads with Smoked Bacon and Onion","Basket of Bread Flowers with a Walnut and Blue Cheese Centre","IN"
"6","3","Tamal Ray",29,"Manchester","Trainee anaesthetist","Fig, Cheese and Walnut Breads","Breadcycle","IN"
"6","3","Ugnė Bubnaityte",32,"Woodford, London / Vilkaviškis, Lithuania","PA and administrator","Chocolate Quick Breads with Salted Caramel Sauce","Easter Basket","IN"
"6","4","Alvin Magallanes",37,"Bracknell, Berkshire","Nurse","Blackberry Crème Brûlées","Tower of Fruits Cheesecakes","IN"
"6","4","Flora Shedden",19,"Dunkeld, Perth and Kinross","Art gallery assistant","Rhubarb and Ginger Crème Brûlées","Elderflower and Granola Cheesecakes","IN"
"6","4","Ian Cumming",41,"Great Wilbraham, Cambridgeshire","Travel photographer","Pomegranate Two Ways Crème Brûlées","Trio of Spicy and Herby Baked Cheesecakes","STAR BAKER"
"6","4","Mat Riley",37,"London","Fire fighter","Coconut Crème Brûlées","Chocolate Bar Cheesecakes","IN"
"6","4","Nadiya Hussain",30,"Leeds / Luton","Full-time mother","Cinnamon Tea Crème Brûlées","Fizzy Pop Cheesecakes","IN"
"6","4","Paul Jagger",49,"Swansea, Wales","Prison governor","Almond Crème Brûlées","Berry Cheesecake Tower","IN"
"6","4","Sandy Docherty",49,"Yeadon, West Yorkshire","Child welfare officer","Pontefract Crème Brûlées","Cassata, Whisky and Orange & Apple Pie Cheesecakes","OUT"
"6","4","Tamal Ray",29,"Manchester","Trainee anaesthetist","Rhubarb and Ginger Crème Brûlées","Mango, Hazelnut and Rosemary Cheesecake Trio","IN"
"6","4","Ugnė Bubnaityte",32,"Woodford, London / Vilkaviškis, Lithuania","PA and administrator","Marula Fruit and Coffee Liqueur Crème Brûlées","Lime, Coconut and Hazelnut Cheesecakes","IN"
"6","5","Alvin Magallanes",37,"Bracknell, Berkshire","Nurse","Pineapple Upside Down Cake","Buko Pandan, Mango and Passion Fruit Ice Cream Roll","IN"
"6","5","Flora Shedden",19,"Dunkeld, Perth and Kinross","Art gallery assistant","Pistachio, Apple and Cardamom Madeleine Cake","Chocolate and Pear Bûche","IN"
"6","5","Ian Cumming",41,"Great Wilbraham, Cambridgeshire","Travel photographer","Honey and Flowers Cake","Dessert Island","IN"
"6","5","Mat Riley",37,"London","Fire fighter","Sugar Free Carrot Cake","Raspberry and Coconut Ice Cream Roll","IN"
"6","5","Nadiya Hussain",30,"Leeds / Luton","Full-time mother","Naked Blueberry and Caraway Crunch Cake","Chocolate and Strawberry Lime Ice Cream Roll","STAR BAKER"
"6","5","Paul Jagger",49,"Swansea, Wales","Prison governor","Carrot & Pecan Cake","Dessert Island Getaway","IN"
"6","5","Tamal Ray",29,"Manchester","Trainee anaesthetist","Honey and Grapefruit Polenta Cake","Passion Fruit and Pineapple Ice Cream Roll","IN"
"6","5","Ugnė Bubnaityte",32,"Woodford, London / Vilkaviškis, Lithuania","PA and administrator","Chocolate and Hazelnut Sugar-Free Cake","Chocolate, Peanut Butter and Grape Jam Roll","OUT"
"6","6","Alvin Magallanes",37,"Bracknell, Berkshire","Nurse","Plum Frangipane Tart","Smoked Salmon En Croûte and Vermouth Chicken à la King Vol-au-vents","OUT"
"6","6","Flora Shedden",19,"Dunkeld, Perth and Kinross","Art gallery assistant","Apricot and Rosemary Frangipane Tart","Asparagus and Parma Ham and Praline and Chocolate Vol-au-vents","IN"
"6","6","Ian Cumming",41,"Great Wilbraham, Cambridgeshire","Travel photographer","Pear and Raspberry Frangipane Tart","vol-au-vents Terre et Mer","IN"
"6","6","Mat Riley",37,"London","Fire fighter","Piña Colada Frangipane Tart","His 'n' Hers Vol-au-vents","STAR BAKER"
"6","6","Nadiya Hussain",30,"Leeds / Luton","Full-time mother","Bay Leaf, Rong Tea and Pear Tart","Bengali Korma and Clementine with Cod Vol-au-vents","IN"
"6","6","Paul Jagger",49,"Swansea, Wales","Prison governor","Christmas Frangipane Tart","Savoury and Sweet Bouchées","IN"
"6","6","Tamal Ray",29,"Manchester","Trainee anaesthetist","Spiced Pear Frangipane Tart","Fennel and Rosemary Pulled Pork and Chicken and Coriander vol-au-vents","IN"
"6","7","Flora Shedden",19,"Dunkeld, Perth and Kinross","Art gallery assistant","Game Pie with Shallot and Apple Chutney","Raspberry, Pomegranate and Champagne Charlotte Russe","IN"
"6","7","Ian Cumming",41,"Great Wilbraham, Cambridgeshire","Travel photographer","Roadkill Pie","Victoria's Crown Charlotte Russe","IN"
"6","7","Mat Riley",37,"London","Fire fighter","Raised Venison and Pigeon Pie","Strawberry Charlotte Russe","OUT"
"6","7","Nadiya Hussain",30,"Leeds / Luton","Full-time mother","Aromatic Raised Game Pie","Mango and Raspberry Charlotte Russe","IN"
"6","7","Paul Jagger",49,"Swansea, Wales","Prison governor","Not a Boaring Pie","Charlotte Rose","IN"
"6","7","Tamal Ray",29,"Manchester","Trainee anaesthetist","Middle Eastern Game Pie","Spiced Blackberry, Raspberry and Cardamom Charlotte Russe","STAR BAKER"
"6","8","Flora Shedden",19,"Dunkeld, Perth and Kinross","Art gallery assistant","Peach & Lemon Thyme and Smoked Almond & Butterscotch Cream Horns","Lime & Basil and Coconut & White Chocolate Religieuse à l'ancienne","IN"
"6","8","Ian Cumming",41,"Great Wilbraham, Cambridgeshire","Travel photographer","Mont Blanc & Black Forest Gâteau Horns","Nun with Hidden Passions","IN"
"6","8","Nadiya Hussain",30,"Leeds / Luton","Full-time mother","Rose Pistachio and Mocha Hazelnut Horns","Bubble Gum and Peppermint Cream Religieuse à l'ancienne","STAR BAKER"
"6","8","Paul Jagger",49,"Swansea, Wales","Prison governor","Café Tipple & Banana Crunch-away Horns","Religieuse à l'ancienne","OUT"
"6","8","Tamal Ray",29,"Manchester","Trainee anaesthetist","Lime & Mascarpone and Malt Cream Horns","Passionfruit & Mango and Pistachio & Raspberry Religieuse à l'ancienne","IN"
"6","9","Flora Shedden",19,"Dunkeld, Perth and Kinross","Art gallery assistant","Passion Fruit and Chocolate Tart","Cocoa Carousel","OUT"
"6","9","Ian Cumming",41,"Great Wilbraham, Cambridgeshire","Travel photographer","Chocolate and Bay Tart","Chocolate Well","IN"
"6","9","Nadiya Hussain",30,"Leeds / Luton","Full-time mother","Peanut Salted Caramel and Chocolate Tart","Peacock in Nan's Door","STAR BAKER"
"6","9","Tamal Ray",29,"Manchester","Trainee anaesthetist","Chocolate New York Pie","Chocolate Bell Tower","IN"
"6","10","Ian Cumming",41,"Great Wilbraham, Cambridgeshire","Travel photographer","Elderflower and Lemon & Spiced Buns","Colossal Curvy Carrot Cake","Runner-up"
"6","10","Nadiya Hussain",30,"Leeds / Luton","Full-time mother","Cardamom and Almond Buns & Nutmeg and Sour Cherry Fingers","My Big Fat British Wedding Cake","WINNER"
"6","10","Tamal Ray",29,"Manchester","Trainee anaesthetist","Cinnamon and Apple & Toffee and Marmalade Iced Buns","Sticky Toffee Pudding Cake","Runner-up"
"7","1","Andrew Smyth",25,"Derby / Holywood, County Down","Aerospace engineer","Lemon and Rosemary Drizzle Cake","'Ultimate Indulgence' Mirror Glaze Cake","IN"
"7","1","Benjamina Ebuehi",23,"South London","Teaching assistant","Pistachio, Cardamom and Lemon Drizzle Cake","White Chocolate Mirror Glaze with Salted Praline Buttercream","IN"
"7","1","Candice Brown",31,"Barton-Le-Clay, Bedfordshire","PE teacher","Raspberry and Rhubarb Drizzle Custard Bundt Cake","Mirror Mirror On The Wall, Who Is The Shiniest Cake Of Them All?","IN"
"7","1","Jane Beedle",61,"Beckenham","Garden designer","Lemon and Poppy Seed Drizzle Cake","Chocolate Orange Mirror Cake","STAR BAKER"
"7","1","Kate Barmby",37,"Brooke, Norfolk","Nurse","Berry Best Apple and Bramble Drizzle Cake","One Swallow Does Not Make A Summer Cake","IN"
"7","1","Lee Banfield",67,"Bolton","Pastor","St. Clements Orange and Lemon Drizzle Cake","Strawberry Surprise Mirror Cake","OUT"
"7","1","Louise Williams",46,"Cardiff","Hairdresser","Orange Liqueur and Lemonade Drizzle Cake","White Chocolate Trifle Mirror Glaze Cake","IN"
"7","1","Michael Georgiou",20,"Durham","Student","Lime, Ginger and Honey Drizzle Cake","Matcha Tea Chocolate Mirror Glaze","IN"
"7","1","Rav Bansal",28,"Erith","Student support","Ginger Spice Yuzu Drizzle Cake","Colombian Mocha Mirror Glaze Cake","IN"
"7","1","Selasi Gbormittah",30,"London","Client service associate","Citrus and Spice Drizzle Cake","Raspberry, Sloe and White Chocolate Mirror Glaze Cake","IN"
"7","1","Tom Gilliford",26,"Rochdale","Project engagement manager","G&T Drizzle Cake","Black Forest Broken Mirror","IN"
"7","1","Val Stones",66,"Yeovil","Semi-retired, Substitute teacher","Mum's Orange and Lemon Drizzle","Chocolate Sponge with Four Fruit Frosting","IN"
"7","2","Andrew Smyth",25,"Derby / Holywood, County Down","Aerospace engineer","Beehive Biscuits","Punting in Cambridge","IN"
"7","2","Benjamina Ebuehi",23,"South London","Teaching assistant","Bouquet Biscuits","New York, New York","IN"
"7","2","Candice Brown",31,"Barton-Le-Clay, Bedfordshire","PE teacher","Salted Caramel, Chocolate Iced Shiny Hearts","Gingerbread Pub with Sticky Ginger Carpet","STAR BAKER"
"7","2","Jane Beedle",61,"Beckenham","Garden designer","Flower Pot Iced Biscuits","Hastings Old Town Fishing Net Shops and Boat","IN"
"7","2","Kate Barmby",37,"Brooke, Norfolk","Nurse","""A Biscuit for the Broads""","""I Promise I will do my best""","IN"
"7","2","Louise Williams",46,"Cardiff","Hairdresser","Baa Bara Brith Biscuits","Gingerbread Wedding","OUT"
"7","2","Michael Georgiou",20,"Durham","Student","Malt, Chocolate and Orange Iced ""Beer"" Biscuits","Trip to See Santa in Lapland","IN"
"7","2","Rav Bansal",28,"Erith","Student support","Union Jack Bunting Biscuits","Gingerbread Christmas Fairground","IN"
"7","2","Selasi Gbormittah",30,"London","Client service associate","""Wheelie Hot Iced Biscuits""","Stained Glass Window Gingerbread Church","IN"
"7","2","Tom Gilliford",26,"Rochdale","Project engagement manager","Chai Frappelatteccino Biscuits","Tom and Pod's Near Death Experience","IN"
"7","2","Val Stones",66,"Yeovil","Semi-retired, Substitute teacher","Sunday Treat Iced Ice Cream Cone Biscuits","From Holland to New York via Yorkshire","IN"
"7","3","Andrew Smyth",25,"Derby / Holywood, County Down","Aerospace engineer","Chocolate Barmbrack Bread","Braided Harvest Bread Basket","IN"
"7","3","Benjamina Ebuehi",23,"South London","Teaching assistant","Chocolate, Tahini and Almond Babka","Braided Bread Heart","IN"
"7","3","Candice Brown",31,"Barton-Le-Clay, Bedfordshire","PE teacher","Chocolate, Salted Caramel & Pecan Brittle Brioche Loaf","Italian Light and Dark Rye Twist","IN"
"7","3","Jane Beedle",61,"Beckenham","Garden designer","Chocolate and Cranberry Couronne","Chorizo and Chilli Flower with Parmesan and Pesto Centre","IN"
"7","3","Kate Barmby",37,"Brooke, Norfolk","Nurse","Cobbled Loaf","The Corn Maiden","IN"
"7","3","Michael Georgiou",20,"Durham","Student","Chocolate and Chilli Swirl Plait","Cypriot Dove and Olive Branch Plaited Loaf with Houmous","OUT"
"7","3","Rav Bansal",28,"Erith","Student support","Chocolate, Cardamom and Hazelnut Loaf","Three Tier Diwali Bread Centrepiece","IN"
"7","3","Selasi Gbormittah",30,"London","Client service associate","Chocolate, Orange and Cinnamon Bread","Bedouin Escape Tear and Share Bread","IN"
"7","3","Tom Gilliford",26,"Rochdale","Project engagement manager","Chocolate Orange and Chilli Swirl Bread","Jörmungandr and Mjölnir","STAR BAKER"
"7","3","Val Stones",66,"Yeovil","Semi-retired, Substitute teacher","Double Chocolate Cinnamon Twist Loaf","""And They All Went Into The Ark To Get Out Of The Rain""","IN"
"7","4","Andrew Smyth",25,"Derby / Holywood, County Down","Aerospace engineer","Yorkshire 'Tapas' Puddings","Churros Window Box","IN"
"7","4","Benjamina Ebuehi",23,"South London","Teaching assistant","Red Onion Chutney, Brie and Bacon Yorkshire Puddings","Tropical Churros","STAR BAKER"
"7","4","Candice Brown",31,"Barton-Le-Clay, Bedfordshire","PE teacher","Yorkshire Wellingtons","Two-Way Peanut Butter Churros","IN"
"7","4","Jane Beedle",61,"Beckenham","Garden designer","Meat and Two Veg Yorkshires","Pistachio and White Chocolate Churros","IN"
"7","4","Kate Barmby",37,"Brooke, Norfolk","Nurse","Christmas Dinner Compromise","Hot Cross Bunny Churros","OUT"
"7","4","Rav Bansal",28,"Erith","Student support","Thai Tofu Panang Yorkshires","Three Dip Matcha Pistachio Churros","IN"
"7","4","Selasi Gbormittah",30,"London","Client service associate","Perfect Sunday Roast Accompaniment","Lemon and Anise Churros","IN"
"7","4","Tom Gilliford",26,"Rochdale","Project engagement manager","West Yorkshire Fusion Puddings","Fennel Churros Snake In The Grass","IN"
"7","4","Val Stones",66,"Yeovil","Semi-retired, Substitute teacher","Mum's Chilli Yorkshire Puddings","Orange Chocolate Churros","IN"
"7","5","Andrew Smyth",25,"Derby / Holywood, County Down","Aerospace engineer","Mum and Dad's Breakfast Pastries","Spicy Chorizo Squash Parcels and Baklava Bites","IN"
"7","5","Benjamina Ebuehi",23,"South London","Teaching assistant","'Good Morning America' Swirls and Peanut Butter and Banana Pinwheels","Plantain and Spinach Samosas and Chai Pear Cups","IN"
"7","5","Candice Brown",31,"Barton-Le-Clay, Bedfordshire","PE teacher","Danish Pastry Croque Monsieur Kites and Cinnamon Apple, Vanilla Crème Rose Danish","Sausage, Black Pudding and Apple Rounds and Banoffee Whiskey Cups","STAR BAKER"
"7","5","Jane Beedle",61,"Beckenham","Garden designer","Orange Pain au Raisins, Raspberry, Chocolate and Almond Danish","Roquefort, Fig and Walnut Parcels and Cherry and Chocolate Cones","IN"
"7","5","Rav Bansal",28,"Erith","Student support","Cinnamon Swirls and Pecan, Walnut and Maple Plaits","Chinese Style Prawn Filo Tartlets and Spiced White Chocolate and Hazelnut Samosas","IN"
"7","5","Selasi Gbormittah",30,"London","Client service associate","Rhubarb, Mango and Ginger Plait, and Pineapple and Coconut Pinwheels","Parma Ham, Asparagus and Cheese Filo Cigars and Coffee Cream Filo Cups","IN"
"7","5","Tom Gilliford",26,"Rochdale","Project engagement manager","Mega Breakfast Bonanzas; Granola Spirals and Wheat Foldovers","Yin and Yang Amuse-bouche","IN"
"7","5","Val Stones",66,"Yeovil","Semi-retired, Substitute teacher","Pecan and Maple Syrup Pinwheels and Apple, Sultana and Cinnamon Swirls","Caramelised Red Onion, Goats Cheese Tartlets and Mincemeat and Apple Spiced Parcels","OUT"
"7","6","Andrew Smyth",25,"Derby / Holywood, County Down","Aerospace engineer","Tangy Lime and Ginger Meringue Pie","Spring Elderflower Trio","IN"
"7","6","Benjamina Ebuehi",23,"South London","Teaching assistant","Grapefruit and Ginger Meringue Pie","Floral Tea Cake","IN"
"7","6","Candice Brown",31,"Barton-Le-Clay, Bedfordshire","PE teacher","Lime, Coconut and Lemongrass Sugar Meringue Pie","Four Seasons Cake","IN"
"7","6","Jane Beedle",61,"Beckenham","Garden designer","Lime and Coconut Meringue Pie","Three Tier Orange Cake with a Floral Chocolate Collar","IN"
"7","6","Rav Bansal",28,"Erith","Student support","Mandarin Margarita Meringue Pie","Blossom Cake","OUT"
"7","6","Selasi Gbormittah",30,"London","Client service associate","Grapefruit, Orange and Mint Meringue Pie","Three Tiered Ombré Floral Cake","IN"
"7","6","Tom Gilliford",26,"Rochdale","Project engagement manager","Blood Orange Halloween Pumpkin Pie","Floral Tea Cake","STAR BAKER"
"7","7","Andrew Smyth",25,"Derby / Holywood, County Down","Aerospace engineer","Tropical Holiday Roulade","Childhood Ice Cream Mousse Cakes","STAR BAKER"
"7","7","Benjamina Ebuehi",23,"South London","Teaching assistant","Piña Colada Roulade","Apple Crumble Mousse Cake and Chocolate Coffee Mousse Cake","IN"
"7","7","Candice Brown",31,"Barton-Le-Clay, Bedfordshire","PE teacher","Crowd Pleaser Roulade","Blackberry and Raspberry Bubbles and After Dinner Mousse","IN"
"7","7","Jane Beedle",61,"Beckenham","Garden designer","Chocolate and Hazelnut Roulade","Chocolate, Coffee, and Vanilla Joconde Cakes and Blackcurrant and Vanilla Ombre Mousses","IN"
"7","7","Selasi Gbormittah",30,"London","Client service associate","Summer Picnic Roulade","Lemon, Strawberry and Passionfruit and Chocolate and Mint Mini Mousse Cakes","IN"
"7","7","Tom Gilliford",26,"Rochdale","Project engagement manager","Millionaire's Roulade","Hipster Picnic","OUT"
"7","8","Andrew Smyth",25,"Derby / Holywood, County Down","Aerospace engineer","Da Vinci Inspired Geared Pies","Jousting Knights Marchpane","IN"
"7","8","Benjamina Ebuehi",23,"South London","Teaching assistant","Mexican Adventure","Tudor Garden","OUT"
"7","8","Candice Brown",31,"Barton-Le-Clay, Bedfordshire","PE teacher","Cheesy Cheeky Fish Pies","Peacock","STAR BAKER"
"7","8","Jane Beedle",61,"Beckenham","Garden designer","Tudor Rose Pies","Swans","IN"
"7","8","Selasi Gbormittah",30,"London","Client service associate","Bouquet of Flowers","Fruity Tudor Marchpane","IN"
"7","9","Andrew Smyth",25,"Derby / Holywood, County Down","Aerospace engineer","Cheesy Elephant Ears and Herby Treble Clefs","Philharmonic Fondants","STAR BAKER"
"7","9","Candice Brown",31,"Barton-Le-Clay, Bedfordshire","PE teacher","Red Onion, Cambozola and Walnut Palmiers and Mushroom, Streaky Bacon, and Parmesan Palmiers","Chocolate Praline Fondant Fancies and Cherry Bakewell Fondant Fancies","IN"
"7","9","Jane Beedle",61,"Beckenham","Garden designer","Pesto and Sundried Tomato Palmiers and Goats Cheese, Olive and Parma Ham Palmiers","Pistachio and Raspberry Fondant Fancies and Lemon Curd Surprise Fondant Fancies","IN"
"7","9","Selasi Gbormittah",30,"London","Client service associate","Sundried Tomato, Onion, Peppers and Parmesan Palmiers and Salmon, Spinach and Mushroom Palmiers","Lime and Ginger Fondant Fancies and Pink Velvet and Raspberry Prosecco Fondant Fancies","OUT"
"7","10","Andrew Smyth",25,"Derby / Holywood, County Down","Aerospace engineer","Crunchy Caramel Cassis Crown","Family and Friends' Favourites Picnic","Runner-up"
"7","10","Candice Brown",31,"Barton-Le-Clay, Bedfordshire","PE teacher","Queen Victoria's Mango and Strawberry Crown","Picnic for Pearly Kings and Queens","WINNER"
"7","10","Jane Beedle",61,"Beckenham","Garden designer","Red, White and Blue Meringue Crown","Family Favourites Feast","Runner-up"
"8","1","Chris Geiger",50,"Bristol","Software developer","Tropical Fresh Fruit Cake","'Raised Pork Pie and Egg Surprise' Cake","IN"
"8","1","Flo Atkins",71,"Merseyside","Retired","Citrus Layer Cake","'One in a Melon' Cake","IN"
"8","1","James Hillery",46,"Brentwood, Essex","Banker","Orange, Rhubarb & Ginger Crumble Cake","'Mock-accino and Croissant' Cake","IN"
"8","1","Julia Chernogorova",21,"Crawley, West Sussex","Aviation Broker","Courgette and Lemon Cake","'Russian Doll' Cake","IN"
"8","1","Kate Lyon",29,"Merseyside","Health and safety inspector","Moroccan Strawberry and Rose Cake","'Chocolate Terrarium' Cake","IN"
"8","1","Liam Charles",19,"North London","Student","Apple and Almond Crumble Maple Loaf","'Stackin' Sunday' Cake","IN"
"8","1","Peter Abatan",52,"Southend, Essex","IT programme manager","Coconut Cake","'Bread on a Breadboard' Cake","OUT"
"8","1","Sophie Faldo",33,"West Molesey, Surrey","Former army officer and trainee stuntwoman","Pineapple and Coconut Sandwich Cake","'Champagne Bottle and Bucket' Cake","IN"
"8","1","Stacey Hart",42,"Radlett, Hertfordshire","Former school teacher","Granny Smith Apple and Walnut Cake","'Black Evening Clutch Bag' Cake","IN"
"8","1","Steven Carter-Bailey",34,"Watford, Hertfordshire","Marketer","Bonfire Night Cake","'A Baker's Lunch' Cake","STAR BAKER"
"8","1","Tom Hetherington",29,"Edinburgh","Architect","Gilded Pear and Cardamom Cake","'Stack of Books' Cake","IN"
"8","1","Yan Tsou",46,"North London","Laboratory research scientist","Windfall Apple Crumble Cake","'Banana-ramen' Cake","IN"
"8","2","Chris Geiger",50,"Bristol","Software developer","Chocolate Chia Seed Biscuits with Whisky Caramel Filling","'The Great British Sail Off' Game","OUT"
"8","2","Flo Atkins",71,"Merseyside","Retired","Gin Jam Butties","'Pick My Bones' Game","IN"
"8","2","James Hillery",46,"Brentwood, Essex","Banker","Rhubarb and Custard Whirls","'Coppit' Game","IN"
"8","2","Julia Chernogorova",21,"Crawley, West Sussex","Aviation Broker","Middle Eastern Delight Sandwich Biscuits","'A British Baking' Game","IN"
"8","2","Kate Lyon",29,"Merseyside","Health and safety inspector","Coconut Seashells for a Titanic Afternoon Tea","'Jungle' Game","IN"
"8","2","Liam Charles",19,"North London","Student","Coffee Malted Pecan Shorties","'Classroom Classics' Game","IN"
"8","2","Sophie Faldo",33,"West Molesey, Surrey","Former army officer and trainee stuntwoman","Lemon Limoncino Sandwich Biscuits","'Snakes and Ladders' Game","IN"
"8","2","Stacey Hart",42,"Radlett, Hertfordshire","Former school teacher","Sparkly Chocolate and Marshmallow Fluff Cookies","'Get to School' Game","IN"
"8","2","Steven Carter-Bailey",34,"Watford, Hertfordshire","Marketer","Amarpressi Biscuits","'Check Bake' Game","STAR BAKER"
"8","2","Tom Hetherington",29,"Edinburgh","Architect","Coffee and Amaretto Kisses","'Drain Pipes and Ladders' Game","IN"
"8","2","Yan Tsou",46,"North London","Laboratory research scientist","'Mrs. Marian's PB 'n' B' Biscuits","'Adventures in Bakeland' Game","IN"
"8","3","Flo Atkins",71,"Merseyside","Retired","Cinnamon and Orange Teacakes","'Davy Jones' Locker' Bread Sculpture","OUT"
"8","3","James Hillery",46,"Brentwood, Essex","Banker","Nordic Teacakes","'Owl in the Woods' Bread Sculpture","IN"
"8","3","Julia Chernogorova",21,"Crawley, West Sussex","Aviation Broker","Earl Grey Dried Fruit Teacakes","'The Snail Under a Mushroom' Bread Sculpture","STAR BAKER"
"8","3","Kate Lyon",29,"Merseyside","Health and safety inspector","Blueberry Buns","'Kraken' Bread Sculpture","IN"
"8","3","Liam Charles",19,"North London","Student","Jamaican Spiced Teacakes","'Kneadapolitan' Bread Sculpture","IN"
"8","3","Sophie Faldo",33,"West Molesey, Surrey","Former army officer and trainee stuntwoman","Tagine Teacakes","'Picnic Basket' Bread Sculpture","IN"
"8","3","Stacey Hart",42,"Radlett, Hertfordshire","Former school teacher","Cranberry and Cinnamon Teacakes","'Ascot Hat' Bread Sculpture","IN"
"8","3","Steven Carter-Bailey",34,"Watford, Hertfordshire","Marketer","Madras Cocktail Teacakes","'The Bag I Knead' Bread Sculpture","IN"
"8","3","Tom Hetherington",29,"Edinburgh","Architect","Orange and Cranberry Teacakes","'Pink & Yellow Rose Centrepiece' Bread Sculpture","IN"
"8","3","Yan Tsou",46,"North London","Laboratory research scientist","'Mrs P's' Masala Chai Spiced Teacakes","'Basil the Vegetarian Dragon with his Pumpkin Hoard' Bread Sculpture","IN"
"8","4","James Hillery",46,"Brentwood, Essex","Banker","'Windy City' Millionaire Shortbreads","Nutty Caramel Cake","IN"
"8","4","Julia Chernogorova",21,"Crawley, West Sussex","Aviation Broker","Pecan Salted Caramel Millionaire Shortbreads","Poppy Seed Caramel Cake","IN"
"8","4","Kate Lyon",29,"Merseyside","Health and safety inspector","Salted Bay Caramel Millionaire Shortbreads","Sticky Toffee Apple Caramel Cake","STAR BAKER"
"8","4","Liam Charles",19,"North London","Student","Salted Peanut Butter Millionaire Shortbreads","White Layered Ginger Caramel Cake","IN"
"8","4","Sophie Faldo",33,"West Molesey, Surrey","Former army officer and trainee stuntwoman","Jaffa Millionaire Shortbreads","Bird's Nest Caramel Cake","IN"
"8","4","Stacey Hart",42,"Radlett, Hertfordshire","Former school teacher","Rum Salted Caramel Millionaire Shortbreads","Chocolate and Coffee Caramel Cake","IN"
"8","4","Steven Carter-Bailey",34,"Watford, Hertfordshire","Marketer","Orange Macadamia Nut Millionaire Shortbreads","Caramel Crown Cake","IN"
"8","4","Tom Hetherington",29,"Edinburgh","Architect","Stem Ginger Caramel Shortbreads","Hummingbird Cake","OUT"
"8","4","Yan Tsou",46,"North London","Laboratory research scientist","'Lil' Red's Ginger and Nuts' Millionaire Shortbreads","Animals of the Rainforest Caramel Cake","IN"
"8","5","James Hillery",46,"Brentwood, Essex","Banker","Orange and Ginger Steamed School Pudding","'The Missed Silver Jubilee' Trifle Terrine","OUT"
"8","5","Julia Chernogorova",21,"Crawley, West Sussex","Aviation Broker","Orange & Treacle Steamed School Pudding","'Opulent Ornament' Trifle Terrine","IN"
"8","5","Kate Lyon",29,"Merseyside","Health and safety inspector","'Mr Darcy's Steamy Lake Scene' Steamed School Pudding","'My Great Great Nan's' Raspberry Trifle Terrine","IN"
"8","5","Liam Charles",19,"North London","Student","Cherries & Lemons that are 'Baked Well'","'Cheers Lads' Trifle Terrine","IN"
"8","5","Sophie Faldo",33,"West Molesey, Surrey","Former army officer and trainee stuntwoman","Ginger, Fig and Honey Steamed School Pudding","Raspberry, Yuzu & White Chocolate Bûche Trifle Terrine","STAR BAKER"
"8","5","Stacey Hart",42,"Radlett, Hertfordshire","Former school teacher","Bakewell Tart Steamed School Pudding","Tropical Trifle Terrine","IN"
"8","5","Steven Carter-Bailey",34,"Watford, Hertfordshire","Marketer","Lemon & Blackcurrant Drizzle Steamed School Pudding","'From Across the Jelly Pond' Trifle Terrine","IN"
"8","5","Yan Tsou",46,"North London","Laboratory research scientist","Mango Fruit Hat Steamed School Pudding","'Heart of a Hero' Trifle Terrine","IN"
"8","6","Julia Chernogorova",21,"Crawley, West Sussex","Aviation Broker","'Pies from the Tree' Decorative Pies","'Special Occasion' Pie","OUT"
"8","6","Kate Lyon",29,"Merseyside","Health and safety inspector","'Vegetarian Pie Faces' Decorative Pies","Potato Curry Pie with Mango & Chilli Glaze","IN"
"8","6","Liam Charles",19,"North London","Student","'Standard FC' Decorative Pies","'Nan's Sunday Dinner' Pie","STAR BAKER"
"8","6","Sophie Faldo",33,"West Molesey, Surrey","Former army officer and trainee stuntwoman","'The Four Seasons' Decorative Pies","Game Pie with Glazed Forest Fruits","IN"
"8","6","Stacey Hart",42,"Radlett, Hertfordshire","Former school teacher","'Love Theme' Decorative Pies","Indian Hand Raised Pie with Mango","IN"
"8","6","Steven Carter-Bailey",34,"Watford, Hertfordshire","Marketer","'Fleetwood Mac' Decorative Pies","Christmas Pie","IN"
"8","6","Yan Tsou",46,"North London","Laboratory research scientist","'πr2' Decorative Pies","Chequerboard Pie","IN"
"8","7","Kate Lyon",29,"Merseyside","Health and safety inspector","'Happy Hour' Cocktail Cannoli","'Flavour Fusion' Sfogliatelle","IN"
"8","7","Liam Charles",19,"North London","Student","'Just Doing Me' Cannoli","'Morning Delivery' Sfogliatelle","IN"
"8","7","Sophie Faldo",33,"West Molesey, Surrey","Former army officer and trainee stuntwoman","'Classics with a Twist' Cannoli","'Classics' Sfogliatelle","IN"
"8","7","Stacey Hart",42,"Radlett, Hertfordshire","Former school teacher","My All Time Favourite Desserts","Pastry Surprise","IN"
"8","7","Steven Carter-Bailey",34,"Watford, Hertfordshire","Marketer","Italian Style Cannoli","'Sicilian-style' Sfogliatelle","STAR BAKER"
"8","7","Yan Tsou",46,"North London","Laboratory research scientist","Cannoli Cocktails","Canadian-Style Sfogliatelle","OUT"
"8","8","Kate Lyon",29,"Merseyside","Health and safety inspector","Burrito Bedfordshire Clangers","'Liver Building Turret' Savoy Cake","IN"
"8","8","Liam Charles",19,"North London","Student","'Take Out' Bedfordshire Clangers","'Fort Wizardore' Savoy Cake","OUT"
"8","8","Sophie Faldo",33,"West Molesey, Surrey","Former army officer and trainee stuntwoman","Char Siu & Banana Praline Bedfordshire Clangers","Citrus with Green Apple Croquembouche Savoy Cake","IN"
"8","8","Stacey Hart",42,"Radlett, Hertfordshire","Former school teacher","Camembert & Onion and Apple & Blueberry Bedfordshire Clangers","'Bright' Lemon & Orange Savoy Cake","STAR BAKER"
"8","8","Steven Carter-Bailey",34,"Watford, Hertfordshire","Marketer","'Mediterranean Medley' Bedfordshire Clangers","Chestnut Rum Savoy Cake","IN"
"8","9","Kate Lyon",29,"Merseyside","Health and safety inspector","Bellini and Valencian Orange Choux Buns","'Rainbow' Meringue Centrepiece","IN"
"8","9","Sophie Faldo",33,"West Molesey, Surrey","Former army officer and trainee stuntwoman","Strawberry & Rhubarb and Chestnut & Vanilla Choux Buns","'Tutu with Opera Filling' Meringue Centrepiece","STAR BAKER"
"8","9","Stacey Hart",42,"Radlett, Hertfordshire","Former school teacher","'Choux-nicorn and Choux-moji' Choux Buns","'Flamingos in Love' Meringue Centrepiece","OUT"
"8","9","Steven Carter-Bailey",34,"Watford, Hertfordshire","Marketer","Key Lime Cheesecake and Bakewell Tart Choux Buns","'Some Air Over the Rainbow' Meringue Centrepiece","IN"
"8","10","Kate Lyon",29,"Merseyside","Health and safety inspector","Roman Spelt, Coconut Kala Chana and Flower Breads","White Chocolate, Yuzu and Lychee Entremet","Runner-up"
"8","10","Sophie Faldo",33,"West Molesey, Surrey","Former army officer and trainee stuntwoman","Spelt Boules, Mushroom Ciabatta and Orange Plaited Brioche","'Ode to the Honey Bee' Entremet","WINNER"
"8","10","Steven Carter-Bailey",34,"Watford, Hertfordshire","Marketer","Spelt & Rye, Toasted Garlic & Fontina and Sweet Chocolate Breads","'Yin Yang' Entremet","Runner-up"
